/*
SQLyog Ultimate v11.11 (64 bit)
MySQL - 8.0.13 : Database - EC_NOMINATION
*********************************************************************
*/


/*!40101 SET NAMES utf8 */;

/*!40101 SET SQL_MODE=''*/;

/*!40014 SET @OLD_UNIQUE_CHECKS=@@UNIQUE_CHECKS, UNIQUE_CHECKS=0 */;
/*!40014 SET @OLD_FOREIGN_KEY_CHECKS=@@FOREIGN_KEY_CHECKS, FOREIGN_KEY_CHECKS=0 */;
/*!40101 SET @OLD_SQL_MODE=@@SQL_MODE, SQL_MODE='NO_AUTO_VALUE_ON_ZERO' */;
/*!40111 SET @OLD_SQL_NOTES=@@SQL_NOTES, SQL_NOTES=0 */;
CREATE DATABASE /*!32312 IF NOT EXISTS*/`EC_NOMINATION` /*!40100 DEFAULT CHARACTER SET utf8mb4 COLLATE utf8mb4_unicode_ci */;

USE `EC_NOMINATION`;

/*Table structure for table `CANDIDATE` */

DROP TABLE IF EXISTS `CANDIDATE`;

CREATE TABLE `CANDIDATE` (
  `ID` varchar(36) COLLATE utf8mb4_unicode_ci NOT NULL,
  `FULL_NAME` varchar(200) COLLATE utf8mb4_unicode_ci DEFAULT NULL,
  `PREFERRED_NAME` varchar(50) COLLATE utf8mb4_unicode_ci DEFAULT NULL,
  `NIC` varchar(15) COLLATE utf8mb4_unicode_ci DEFAULT NULL,
  `DATE_OF_BIRTH` bigint(20) DEFAULT NULL,
  `GENDER` varchar(6) COLLATE utf8mb4_unicode_ci DEFAULT NULL,
  `ADDRESS` varchar(300) COLLATE utf8mb4_unicode_ci DEFAULT NULL,
  `OCCUPATION` varchar(20) COLLATE utf8mb4_unicode_ci DEFAULT NULL,
  `ELECTORAL_DIVISION_NAME` varchar(50) COLLATE utf8mb4_unicode_ci DEFAULT NULL,
  `ELECTORAL_DIVISION_CODE` varchar(10) COLLATE utf8mb4_unicode_ci DEFAULT NULL,
  `COUNSIL_NAME` varchar(20) COLLATE utf8mb4_unicode_ci DEFAULT NULL,
  `NOMINATION_ID` varchar(36) COLLATE utf8mb4_unicode_ci DEFAULT NULL,
  PRIMARY KEY (`ID`),
  KEY `NOMINATION_ID` (`NOMINATION_ID`),
  CONSTRAINT `CANDIDATE_ibfk_1` FOREIGN KEY (`NOMINATION_ID`) REFERENCES `NOMINATION` (`id`) ON DELETE RESTRICT ON UPDATE CASCADE
) ENGINE=InnoDB DEFAULT CHARSET=utf8mb4 COLLATE=utf8mb4_unicode_ci;

/*Data for the table `CANDIDATE` */

insert  into `CANDIDATE`(`ID`,`FULL_NAME`,`PREFERRED_NAME`,`NIC`,`DATE_OF_BIRTH`,`GENDER`,`ADDRESS`,`OCCUPATION`,`ELECTORAL_DIVISION_NAME`,`ELECTORAL_DIVISION_CODE`,`COUNSIL_NAME`,`NOMINATION_ID`) values ('0fe0278a-d6a0-4fd9-a6bc-4a163a8cbbb1','Kasun ','Kalhara','934560879V',1549497600000,'MALE','Colombo 6','Singer','Colombo','C002','de','07d4d5d9-fd83-473f-836c-a5a565d75ed1'),('2f05b316-63c2-47cc-9f0d-30bd7de1d0d7','Saman ','Lenin','123432432V',1552435200000,'MALE','Colombo 4','Doc','Kaluthara','K001','AA','07d4d5d9-fd83-473f-836c-a5a565d75ed1'),('bdfca7fa-9ea8-48fd-9210-0a62a06be8f4','tharangauu2','tharar',' 912845907V',2018,'MALE',' Colombo4',' Doctor',' Kaluthara','D 001','sl','07d4d5d9-fd83-473f-836c-a5a565d75ed1');

/*Table structure for table `CANDIDATE_CONFIG` */

DROP TABLE IF EXISTS `CANDIDATE_CONFIG`;

CREATE TABLE `CANDIDATE_CONFIG` (
  `ID` varchar(36) COLLATE utf8mb4_unicode_ci NOT NULL,
  `KEY_NAME` varchar(50) COLLATE utf8mb4_unicode_ci DEFAULT NULL,
  `DESCRIPTION` varchar(100) COLLATE utf8mb4_unicode_ci DEFAULT NULL,
  PRIMARY KEY (`ID`)
) ENGINE=InnoDB DEFAULT CHARSET=utf8mb4 COLLATE=utf8mb4_unicode_ci;

/*Data for the table `CANDIDATE_CONFIG` */

INSERT INTO `CANDIDATE_CONFIG` (`ID`, `KEY_NAME`, `DESCRIPTION`) VALUES
('1', 'FULL_NAME', 'Name Of Candidate (Full Name)'),
('2', 'PREFERRED_NAME', 'Preferred Name'),
('3', 'NIC', 'National Identity Card (NIC)'),
('4', 'DATE_OF_BIRTH', 'Date of Birth'),
('5', 'GENDER', 'Gender'),
('6', 'ADDRESS', 'Address'),
('7', 'OCCUPATION', 'Occupation'),
('8', 'ELECTORAL_DIVISION_NAME', 'Election Division Name'),
('9', 'ELECTORAL_DIVISION_CODE', 'Election Division Code'),
('10', 'COUNSIL_NAME', 'Counsil Name');

/*Table structure for table `CANDIDATE_CONFIG_DATA` */

DROP TABLE IF EXISTS `CANDIDATE_CONFIG_DATA`;

CREATE TABLE `CANDIDATE_CONFIG_DATA` (
  `ID` varchar(36) COLLATE utf8mb4_unicode_ci NOT NULL,
  `MODULE_ID` varchar(36) COLLATE utf8mb4_unicode_ci DEFAULT NULL,
  `CANDIDATE_CONFIG_ID` varchar(36) COLLATE utf8mb4_unicode_ci DEFAULT NULL,
  PRIMARY KEY (`ID`),
  KEY `MODULE_ID` (`MODULE_ID`),
  KEY `CANDIDATE_CONFIG_ID` (`CANDIDATE_CONFIG_ID`),
  CONSTRAINT `CANDIDATE_CONFIG_DATA_ibfk_1` FOREIGN KEY (`MODULE_ID`) REFERENCES `ELECTION_MODULE` (`id`) ON DELETE RESTRICT ON UPDATE CASCADE,
  CONSTRAINT `CANDIDATE_CONFIG_DATA_ibfk_2` FOREIGN KEY (`CANDIDATE_CONFIG_ID`) REFERENCES `CANDIDATE_CONFIG` (`id`) ON DELETE RESTRICT ON UPDATE CASCADE
) ENGINE=InnoDB DEFAULT CHARSET=utf8mb4 COLLATE=utf8mb4_unicode_ci;

/*Data for the table `CANDIDATE_CONFIG_DATA` */

insert  into `CANDIDATE_CONFIG_DATA`(`ID`,`MODULE_ID`,`CANDIDATE_CONFIG_ID`) values ('0c5fef30-d4b6-4ac5-ac06-91dbcebcc6e1','0ef56c85-1b58-4996-976c-a0484d48ef80','3'),('1358ac93-f487-4dd2-99d4-eee009e9ab30','c10a9037-773e-41bb-a219-c70722545a0d','3'),('1ab2d801-f911-4b77-831b-f5f642a64fe0','0ef56c85-1b58-4996-976c-a0484d48ef80','1'),('2501181a-47cb-4fcd-9c44-536a0bf6484a','27757873-ed40-49f7-947b-48b432a1b062','1'),('27ceb423-c47a-405f-9d61-fc2234930d98','c59b899a-90b5-45f5-97a1-1ddfaa7366d7','2'),('4d25b322-8ba1-4b0f-94bf-72c82764e30b','c10a9037-773e-41bb-a219-c70722545a0d','2'),('6f43987d-cb11-4366-817b-4a55eaccf4d8','27757873-ed40-49f7-947b-48b432a1b062','3'),('93b2bbdf-e86b-4af5-b612-ba8308910ace','27757873-ed40-49f7-947b-48b432a1b062','2'),('a3f6d33c-baff-4eb2-afdd-6c3e15b8a40b','0ef56c85-1b58-4996-976c-a0484d48ef80','4'),('a51b1e7c-22fe-47fa-9728-841f5cf3738c','c10a9037-773e-41bb-a219-c70722545a0d','1'),('c05b9acc-530e-4496-8516-7262c0d18ad5','c59b899a-90b5-45f5-97a1-1ddfaa7366d7','4'),('cb9a9da7-1e19-4321-8f19-f9dbe79628cc','0ef56c85-1b58-4996-976c-a0484d48ef80','2'),('e3cf4fb3-1044-4a66-a375-330e4d4cccdd','c59b899a-90b5-45f5-97a1-1ddfaa7366d7','1'),('e649918f-b980-453d-b0ca-5d774a22562f','c10a9037-773e-41bb-a219-c70722545a0d','4'),('fe6da703-d8bc-4499-a6c4-8ca10d65fe72','27757873-ed40-49f7-947b-48b432a1b062','4'),('ff0ea334-14af-462d-998b-0e8d8940a17f','c59b899a-90b5-45f5-97a1-1ddfaa7366d7','3');

/*Table structure for table `CANDIDATE_SUPPORT_DOC` */

DROP TABLE IF EXISTS `CANDIDATE_SUPPORT_DOC`;

CREATE TABLE `CANDIDATE_SUPPORT_DOC` (
  `ID` varchar(36) COLLATE utf8mb4_unicode_ci NOT NULL,
  `FILE_PATH` varchar(200) COLLATE utf8mb4_unicode_ci DEFAULT NULL,
  `SUPPORT_DOC_CONFIG_ID` varchar(36) COLLATE utf8mb4_unicode_ci DEFAULT NULL,
  `CANDIDATE_ID` varchar(36) COLLATE utf8mb4_unicode_ci DEFAULT NULL,
  PRIMARY KEY (`ID`),
  KEY `SUPPORT_DOC_CONFIG_ID` (`SUPPORT_DOC_CONFIG_ID`),
  KEY `CANDIDATE_ID` (`CANDIDATE_ID`),
  CONSTRAINT `CANDIDATE_SUPPORT_DOC_ibfk_1` FOREIGN KEY (`SUPPORT_DOC_CONFIG_ID`) REFERENCES `SUPPORT_DOC_CONFIG` (`id`) ON DELETE RESTRICT ON UPDATE CASCADE,
  CONSTRAINT `CANDIDATE_SUPPORT_DOC_ibfk_2` FOREIGN KEY (`CANDIDATE_ID`) REFERENCES `CANDIDATE` (`id`) ON DELETE RESTRICT ON UPDATE CASCADE
) ENGINE=InnoDB DEFAULT CHARSET=utf8mb4 COLLATE=utf8mb4_unicode_ci;

/*Data for the table `CANDIDATE_SUPPORT_DOC` */

/*Table structure for table `DIVISION_CONFIG` */

DROP TABLE IF EXISTS `DIVISION_CONFIG`;

CREATE TABLE `DIVISION_CONFIG` (
  `ID` varchar(36) COLLATE utf8mb4_unicode_ci NOT NULL,
  `NAME` varchar(100) COLLATE utf8mb4_unicode_ci NOT NULL,
  `CODE` varchar(10) COLLATE utf8mb4_unicode_ci NOT NULL,
  `NO_OF_CANDIDATES` int(5) NOT NULL,
  `MODULE_ID` varchar(36) COLLATE utf8mb4_unicode_ci DEFAULT NULL,
  PRIMARY KEY (`ID`),
  KEY `MODULE_ID` (`MODULE_ID`),
  CONSTRAINT `DIVISION_CONFIG_ibfk_1` FOREIGN KEY (`MODULE_ID`) REFERENCES `ELECTION_MODULE` (`id`) ON DELETE RESTRICT ON UPDATE CASCADE
) ENGINE=InnoDB DEFAULT CHARSET=utf8mb4 COLLATE=utf8mb4_unicode_ci;

/*Data for the table `DIVISION_CONFIG` */

insert  into `DIVISION_CONFIG`(`ID`,`NAME`,`CODE`,`NO_OF_CANDIDATES`,`MODULE_ID`) values ('16ab500d-31b1-4176-bfa3-42e766e9d691','Badulla','19',11,'455cd89e-269b-4b69-96ce-8d7c7bf44ac2'),('1a29913e-3bc4-4a48-a35e-88f8a874e623','Trincomalee','14',7,'455cd89e-269b-4b69-96ce-8d7c7bf44ac2'),('1f04faa0-0d02-4680-a695-ba0ce7399c22','div name 1','e3',13,'27757873-ed40-49f7-947b-48b432a1b062'),('21b9752f-8641-40c3-8205-39a612bf5244','Gampaha','2',21,'455cd89e-269b-4b69-96ce-8d7c7bf44ac2'),('35fee944-1635-4d5b-be4a-8a8245289959','div name 1','d3',20,'27757873-ed40-49f7-947b-48b432a1b062'),('3ab3cf77-a468-41a8-821a-8aa6f38222ad','Matale','5',8,'455cd89e-269b-4b69-96ce-8d7c7bf44ac2'),('3c3d1ac0-92b7-485f-a927-5a513853127c','div name 1','e3',13,'0ef56c85-1b58-4996-976c-a0484d48ef80'),('437bd796-597f-4d9e-9b09-874ecded15bf','Nuwaraeliya','6',11,'455cd89e-269b-4b69-96ce-8d7c7bf44ac2'),('44424777-9888-44cb-90ed-f4742e687ca6','Galle','7',13,'455cd89e-269b-4b69-96ce-8d7c7bf44ac2'),('482ddfa5-b6d3-4701-8f17-2e92f9e02774','Monaragala','20',9,'455cd89e-269b-4b69-96ce-8d7c7bf44ac2'),('4875b722-fa52-4a6f-a339-ed2fdf86fbcb','Anuradhapura','17',12,'455cd89e-269b-4b69-96ce-8d7c7bf44ac2'),('4ee33e53-6d64-47d0-8826-6da3f30fecdf','div name 1','d3',20,'c10a9037-773e-41bb-a219-c70722545a0d'),('5aa87f72-90c5-4a4d-8160-be750b15ed7b','Puttalam','16',11,'455cd89e-269b-4b69-96ce-8d7c7bf44ac2'),('6447905b-a5c8-43fc-870b-a25b045e7041','div name 1','d3',20,'0ef56c85-1b58-4996-976c-a0484d48ef80'),('6541f00c-abf6-4f26-a8b0-a46599fceaeb','Kurunegala','15',18,'455cd89e-269b-4b69-96ce-8d7c7bf44ac2'),('65fa860e-2928-4602-9b1e-2a7cb09ea83e','Colombo','1',22,'455cd89e-269b-4b69-96ce-8d7c7bf44ac2'),('7740f20e-363f-4e10-bc1f-a67d2b9cfecd','Jaffna','10',10,'455cd89e-269b-4b69-96ce-8d7c7bf44ac2'),('8db00e7e-8a1b-4652-a3d2-f4a7addb8604','div name 1','e3',13,'c59b899a-90b5-45f5-97a1-1ddfaa7366d7'),('9883ac25-9841-4dda-b2dc-7a9cc1b351f8','div name 1','e3',13,'c10a9037-773e-41bb-a219-c70722545a0d'),('9c1e3ae2-c78b-4f03-8b0c-8d636a36589f','Batticaloa','12',8,'455cd89e-269b-4b69-96ce-8d7c7bf44ac2'),('9c2a87ca-1a5e-425b-9965-a2b7e469f647','Ratnapura','21',14,'455cd89e-269b-4b69-96ce-8d7c7bf44ac2'),('ab53fce6-7284-4428-9d9d-679ffabda4f8','div name 1','e3s',12,'c10a9037-773e-41bb-a219-c70722545a0d'),('bf6d8e67-bb79-41c6-8647-1424ef4d6103','Polonnaruwa','18',8,'455cd89e-269b-4b69-96ce-8d7c7bf44ac2'),('c9c710e6-cf9c-496c-9b53-2fce36598ea1','Kaluthara','3',13,'455cd89e-269b-4b69-96ce-8d7c7bf44ac2'),('d1554731-1270-4307-b82a-86fc871d75b1','div name 1','e3s',12,'0ef56c85-1b58-4996-976c-a0484d48ef80'),('e1b56595-5e74-4265-93da-d1bf7ce043fa','div name 1','e3s',12,'27757873-ed40-49f7-947b-48b432a1b062'),('e6af28f3-c12e-4202-bc4a-883895db0c4d','Matara','8',10,'455cd89e-269b-4b69-96ce-8d7c7bf44ac2'),('ea950ed0-525a-4f6e-bb7a-478e36983d90','Hambantota','9',10,'455cd89e-269b-4b69-96ce-8d7c7bf44ac2'),('efcd8649-0591-4fec-90dd-cb61d3aeb36b','div name 1','e3s',12,'c59b899a-90b5-45f5-97a1-1ddfaa7366d7'),('f04e4732-83c3-4444-a706-78b3928afd33','Island-wide','00A',1,'7404a229-6274-43d0-b3c5-740c3c2e1256'),('f0cbfece-4c96-44ac-b493-f10a45753229','Kegalle','22',12,'455cd89e-269b-4b69-96ce-8d7c7bf44ac2'),('f0e56be1-5769-4b8a-a7e8-9bd4ba448b46','div name 1','d3',20,'c59b899a-90b5-45f5-97a1-1ddfaa7366d7'),('f15ae97b-8e95-4f38-93d9-fb97fabdcf22','Kandy','4',15,'455cd89e-269b-4b69-96ce-8d7c7bf44ac2');

/*Table structure for table `DIVISION_CONFIG_DATA` */

DROP TABLE IF EXISTS `DIVISION_CONFIG_DATA`;

CREATE TABLE `DIVISION_CONFIG_DATA` (
  `ELECTION_ID` varchar(36) COLLATE utf8mb4_unicode_ci NOT NULL,
  `DIVISION_CONFIG_ID` varchar(36) COLLATE utf8mb4_unicode_ci NOT NULL,
  `SELECT_FLAG` tinyint(1) DEFAULT NULL,
  PRIMARY KEY (`ELECTION_ID`,`DIVISION_CONFIG_ID`),
  KEY `DIVISION_CONFIG_ID` (`DIVISION_CONFIG_ID`),
  CONSTRAINT `DIVISION_CONFIG_DATA_ibfk_1` FOREIGN KEY (`ELECTION_ID`) REFERENCES `ELECTION` (`id`) ON DELETE RESTRICT ON UPDATE CASCADE,
  CONSTRAINT `DIVISION_CONFIG_DATA_ibfk_2` FOREIGN KEY (`DIVISION_CONFIG_ID`) REFERENCES `DIVISION_CONFIG` (`id`) ON DELETE RESTRICT ON UPDATE CASCADE
) ENGINE=InnoDB DEFAULT CHARSET=utf8mb4 COLLATE=utf8mb4_unicode_ci;

/*Data for the table `DIVISION_CONFIG_DATA` */

insert  into `DIVISION_CONFIG_DATA`(`ELECTION_ID`,`DIVISION_CONFIG_ID`,`SELECT_FLAG`) values ('43680f3e-97ac-4257-b27a-5f3b452da2e6','16ab500d-31b1-4176-bfa3-42e766e9d691',1),('43680f3e-97ac-4257-b27a-5f3b452da2e6','1a29913e-3bc4-4a48-a35e-88f8a874e623',1);

/*Table structure for table `ELECTION` */

DROP TABLE IF EXISTS `ELECTION`;

CREATE TABLE `ELECTION` (
  `ID` varchar(36) COLLATE utf8mb4_unicode_ci NOT NULL,
  `NAME` varchar(100) COLLATE utf8mb4_unicode_ci NOT NULL,
  `CREATED_BY` varchar(50) COLLATE utf8mb4_unicode_ci DEFAULT NULL,
  `CREATED_AT` bigint(20) DEFAULT NULL,
  `UPDATED_AT` bigint(20) DEFAULT NULL,
  `MODULE_ID` varchar(36) COLLATE utf8mb4_unicode_ci DEFAULT NULL,
  PRIMARY KEY (`ID`),
  KEY `MODULE_ID` (`MODULE_ID`),
  CONSTRAINT `ELECTION_ibfk_1` FOREIGN KEY (`MODULE_ID`) REFERENCES `ELECTION_MODULE` (`id`) ON DELETE RESTRICT ON UPDATE CASCADE
) ENGINE=InnoDB DEFAULT CHARSET=utf8mb4 COLLATE=utf8mb4_unicode_ci;

/*Data for the table `ELECTION` */

insert  into `ELECTION`(`ID`,`NAME`,`CREATED_BY`,`CREATED_AT`,`UPDATED_AT`,`MODULE_ID`) values ('0186cb31-6c51-4c7a-9774-2d8c3bf8073e','parlimatory 2022','1550342328',1550342328,1550342328,'27757873-ed40-49f7-947b-48b432a1b062'),('0c7f7aaf-c014-4e15-8e55-a08ca407925a','parlimatory 2021','1550342328',1550342328,1550342328,'27757873-ed40-49f7-947b-48b432a1b062'),('114a15c7-22d1-4dfb-bd62-14ab6b035031','test','234234',234234,234234,'7404a229-6274-43d0-b3c5-740c3c2e1256'),('114b132e-a5c2-4aae-8bd2-021989f6c0d7','test2','234234',234234,234234,'27757873-ed40-49f7-947b-48b432a1b062'),('1651b201-153e-49f1-9ab0-47c66bb9c87b','sdfd','234234',234234,234234,'27757873-ed40-49f7-947b-48b432a1b062'),('169dea51-fcdc-4633-b781-d729fabe25df','test','234234',234234,234234,'7404a229-6274-43d0-b3c5-740c3c2e1256'),('1e0efbaf-574a-4d58-9752-4cf364badb4c','test2','234234',234234,234234,'27757873-ed40-49f7-947b-48b432a1b062'),('293d67ea-5898-436d-90d9-27177387be6a','Provincial Election 2019','admin-user-1',1546713528,1546713528,'27757873-ed40-49f7-947b-48b432a1b062'),('2b24c822-6156-43c0-ab09-bdd3f4ab963f','parlimatory 2021','1550342328',1550342328,1550342328,'27757873-ed40-49f7-947b-48b432a1b062'),('2d1eda22-9e0d-4548-8ee4-f43eee5aeebe','parlimatory 2021','1550342328',1550342328,1550342328,'27757873-ed40-49f7-947b-48b432a1b062'),('35ded041-f0eb-43e7-bc60-d114cd9d27f6','parlimatory 2021','1550342328',1550342328,1550342328,'27757873-ed40-49f7-947b-48b432a1b062'),('3d6e8514-53a0-43a0-be44-90b159a81c65','parlimatory 2019','1550342328',1550342328,1550342328,'27757873-ed40-49f7-947b-48b432a1b062'),('3ec4ab59-6c40-4a43-8c47-879b072fb8c9','testt','234234',234234,234234,'7404a229-6274-43d0-b3c5-740c3c2e1256'),('41784813-3501-46bb-9c25-884c44332ffc','test','234234',234234,234234,'27757873-ed40-49f7-947b-48b432a1b062'),('43680f3e-97ac-4257-b27a-5f3b452da2e6','Parliamentary Election 2019','admin-user-1',1546713528,1546713528,'455cd89e-269b-4b69-96ce-8d7c7bf44ac2'),('455439aa-6fbe-4cb9-be77-2693705ae641','parlimatory 2021','1550342328',1550342328,1550342328,'27757873-ed40-49f7-947b-48b432a1b062'),('4781c740-71e3-42d6-8e21-4bf6b33e6391','test','234234',234234,234234,'27757873-ed40-49f7-947b-48b432a1b062'),('4bfd4fb1-e08f-4667-88de-c5ec8f64b27f','testing','234234',234234,234234,'7404a229-6274-43d0-b3c5-740c3c2e1256'),('5194eef5-71e7-4cdd-9399-f69e8cd97202','testing','234234',234234,234234,'27757873-ed40-49f7-947b-48b432a1b062'),('5e44a183-3b0e-428c-b3f1-4580ce4a84c7','parlimatory 2021','1550342328',1550342328,1550342328,'27757873-ed40-49f7-947b-48b432a1b062'),('620b6eef-06a4-46be-82fd-fadcfd3dfc46','test','234234',234234,234234,'7404a229-6274-43d0-b3c5-740c3c2e1256'),('632b6a46-4d0c-4fe6-bfee-a5d299ec2f38','parlimatory 2021','1550342328',1550342328,1550342328,'27757873-ed40-49f7-947b-48b432a1b062'),('6353e875-f2dc-4e06-b345-07766264f243','test','234234',234234,234234,'7404a229-6274-43d0-b3c5-740c3c2e1256'),('678eb42f-c8e4-487f-b92b-40ae009c19bf','test2019','234234',234234,234234,'455cd89e-269b-4b69-96ce-8d7c7bf44ac2'),('6e3771eb-a855-4778-8319-b12b633f1f6c','sdf','234234',234234,234234,'7404a229-6274-43d0-b3c5-740c3c2e1256'),('72bfd0b9-7c4c-4fda-a9a1-a41629cd27e6','testt','234234',234234,234234,'27757873-ed40-49f7-947b-48b432a1b062'),('78999542-9eb6-4ca2-8481-117d3e2c51f3','test','234234',234234,234234,'7404a229-6274-43d0-b3c5-740c3c2e1256'),('790da71e-e499-4bfb-9293-97f3f95a0093','parlimatory 2020','1550342328',1550342328,1550342328,'27757873-ed40-49f7-947b-48b432a1b062'),('798da645-d1a9-4de4-aac6-352d25e06020','ee','234234',234234,234234,'7404a229-6274-43d0-b3c5-740c3c2e1256'),('799f114c-35b4-4423-a1c7-0257bf0c8fac','ee','234234',234234,234234,'7404a229-6274-43d0-b3c5-740c3c2e1256'),('7be4ae4f-444f-4ffb-a063-29e46d2bc72a','ewr','234234',234234,234234,'7404a229-6274-43d0-b3c5-740c3c2e1256'),('82686d15-d35a-4844-8de8-b641cd727512','parlimatory 2021','1550342328',1550342328,1550342328,'27757873-ed40-49f7-947b-48b432a1b062'),('85f81a42-0888-45cd-8e47-fc024413cc56','test','234234',234234,234234,'7404a229-6274-43d0-b3c5-740c3c2e1256'),('88b1ca49-d6cc-479e-88d4-093783e506df','test parliment','234234',234234,234234,'455cd89e-269b-4b69-96ce-8d7c7bf44ac2'),('9b85a650-709e-4cdc-83e1-ba4a2ad97cbc','Presidentail Election 2020','admin-user-1',1546713528,1546713528,'7404a229-6274-43d0-b3c5-740c3c2e1256'),('9e608e12-1324-4852-8370-0549a2078983','test4','234234',234234,234234,'27757873-ed40-49f7-947b-48b432a1b062'),('a56f11f5-f4b9-4ab5-9202-ea394d44637c','parlimatory 2021','1550342328',1550342328,1550342328,'27757873-ed40-49f7-947b-48b432a1b062'),('a8b4f244-d1bc-418b-bd63-c3f699749d81','test321','234234',234234,234234,'7404a229-6274-43d0-b3c5-740c3c2e1256'),('b2366f32-ae51-4254-a1bf-9825ba1f2e97','tests','234234',234234,234234,'27757873-ed40-49f7-947b-48b432a1b062'),('b26cf8d3-8bec-4af4-ad0a-72ba0c254d8f','test','234234',234234,234234,'7404a229-6274-43d0-b3c5-740c3c2e1256'),('bd7d90c8-9637-403f-bd45-74674081ef88','dsa','234234',234234,234234,'27757873-ed40-49f7-947b-48b432a1b062'),('c0801bfc-174d-47ed-9456-0488e54d114c','test 22','234234',234234,234234,'27757873-ed40-49f7-947b-48b432a1b062'),('c8c1367f-c2e5-4c46-95c6-519f0592a14c','parlimatory 2021','1550342328',1550342328,1550342328,'27757873-ed40-49f7-947b-48b432a1b062'),('cbcdd095-f4b9-46e2-8fbe-0b11841229b2','sef','234234',234234,234234,'7404a229-6274-43d0-b3c5-740c3c2e1256'),('cde6e8f7-dd59-4e04-9b0f-190ab8aec5d2','ds','234234',234234,234234,'7404a229-6274-43d0-b3c5-740c3c2e1256'),('d509b1cf-fd55-4916-b3bd-719adcdded76','e','234234',234234,234234,'7404a229-6274-43d0-b3c5-740c3c2e1256'),('d5da67ce-2d37-452c-b3b7-2b6755a7bba9','testing1','234234',234234,234234,'7404a229-6274-43d0-b3c5-740c3c2e1256'),('d9590217-a09b-4d81-8d00-42b3de1e75ff','parlimatory 2021','1550342328',1550342328,1550342328,'27757873-ed40-49f7-947b-48b432a1b062'),('dbc2dc77-b1c1-49f8-b627-5db34e30af62','test','234234',234234,234234,'7404a229-6274-43d0-b3c5-740c3c2e1256'),('df7bbbb6-b11c-46ac-a22f-9bb5015ec4f1','test5','234234',234234,234234,'7404a229-6274-43d0-b3c5-740c3c2e1256'),('ebf7adb1-a427-46af-87a8-f66b64822aa1','parlimatory 2021','1550342328',1550342328,1550342328,'27757873-ed40-49f7-947b-48b432a1b062'),('efcb9e7c-1eb4-4798-881a-c8b4b32b49da','parlimatory 2021','1550342328',1550342328,1550342328,'27757873-ed40-49f7-947b-48b432a1b062');

/*Table structure for table `ELECTION_APPROVAL` */

DROP TABLE IF EXISTS `ELECTION_APPROVAL`;

CREATE TABLE `ELECTION_APPROVAL` (
  `ID` varchar(36) COLLATE utf8mb4_unicode_ci NOT NULL,
  `STATUS` enum('PENDING','APPROVE','REJECT') COLLATE utf8mb4_unicode_ci DEFAULT NULL,
  `APPROVED_BY` varchar(50) COLLATE utf8mb4_unicode_ci DEFAULT NULL,
  `APPROVED_AT` bigint(20) DEFAULT NULL,
  `UPDATED_AT` bigint(20) DEFAULT NULL,
  `ELECTION_ID` varchar(36) COLLATE utf8mb4_unicode_ci DEFAULT NULL,
  PRIMARY KEY (`ID`),
  KEY `ELECTION_ID` (`ELECTION_ID`),
  CONSTRAINT `ELECTION_APPROVAL_ibfk_1` FOREIGN KEY (`ELECTION_ID`) REFERENCES `ELECTION` (`id`) ON DELETE RESTRICT ON UPDATE CASCADE
) ENGINE=InnoDB DEFAULT CHARSET=utf8mb4 COLLATE=utf8mb4_unicode_ci;

/*Data for the table `ELECTION_APPROVAL` */

insert  into `ELECTION_APPROVAL`(`ID`,`STATUS`,`APPROVED_BY`,`APPROVED_AT`,`UPDATED_AT`,`ELECTION_ID`) values ('1','APPROVE','admin-user-1',NULL,NULL,'293d67ea-5898-436d-90d9-27177387be6a'),('43242b3b-ff26-483e-8f8b-a62742882c44','APPROVE','admin-user-1',1546713528,1546713528,'9b85a650-709e-4cdc-83e1-ba4a2ad97cbc'),('520d60d5-6f16-47be-b938-8497aafa415f','APPROVE','admin-user-1',1546713528,1546713528,'43680f3e-97ac-4257-b27a-5f3b452da2e6'),('c4f3dfd0-e73d-4b49-bc06-386d9967bb39','APPROVE','admin-user-1',1546713528,1546713528,'293d67ea-5898-436d-90d9-27177387be6a');

/*Table structure for table `ELECTION_CONFIG` */

DROP TABLE IF EXISTS `ELECTION_CONFIG`;

CREATE TABLE `ELECTION_CONFIG` (
  `ID` varchar(36) COLLATE utf8mb4_unicode_ci NOT NULL,
  `KEY_NAME` varchar(50) COLLATE utf8mb4_unicode_ci DEFAULT NULL,
  `DESCRIPTION` varchar(100) COLLATE utf8mb4_unicode_ci DEFAULT NULL,
  PRIMARY KEY (`ID`)
) ENGINE=InnoDB DEFAULT CHARSET=utf8mb4 COLLATE=utf8mb4_unicode_ci;

/*Data for the table `ELECTION_CONFIG` */

insert  into `ELECTION_CONFIG`(`ID`,`KEY_NAME`,`DESCRIPTION`) values ('1','candidate payment','payment pert candidate'),('2','weightageVoteBased','weightage vote'),('3','weightagePrefarenceBased','weightage prefarence');

/*Table structure for table `ELECTION_CONFIG_DATA` */

DROP TABLE IF EXISTS `ELECTION_CONFIG_DATA`;

CREATE TABLE `ELECTION_CONFIG_DATA` (
  `ID` varchar(36) COLLATE utf8mb4_unicode_ci NOT NULL,
  `VALUE` varchar(100) COLLATE utf8mb4_unicode_ci NOT NULL,
  `ELECTION_CONFIG_ID` varchar(36) CHARACTER SET utf8mb4 COLLATE utf8mb4_unicode_ci DEFAULT NULL,
  `ELECTION_ID` varchar(36) CHARACTER SET utf8mb4 COLLATE utf8mb4_unicode_ci DEFAULT NULL,
  PRIMARY KEY (`ID`),
  KEY `ELECTION_CONFIG_ID` (`ELECTION_CONFIG_ID`),
  KEY `ELECTION_ID` (`ELECTION_ID`),
  CONSTRAINT `ELECTION_CONFIG_DATA_ibfk_1` FOREIGN KEY (`ELECTION_CONFIG_ID`) REFERENCES `ELECTION_CONFIG` (`id`) ON DELETE RESTRICT ON UPDATE CASCADE,
  CONSTRAINT `ELECTION_CONFIG_DATA_ibfk_2` FOREIGN KEY (`ELECTION_ID`) REFERENCES `ELECTION` (`id`) ON DELETE RESTRICT ON UPDATE CASCADE
) ENGINE=InnoDB DEFAULT CHARSET=utf8mb4 COLLATE=utf8mb4_unicode_ci;

/*Data for the table `ELECTION_CONFIG_DATA` */

insert  into `ELECTION_CONFIG_DATA`(`ID`,`VALUE`,`ELECTION_CONFIG_ID`,`ELECTION_ID`) values ('151a2687-e674-4464-9839-b68da5e29e60','25','2','0186cb31-6c51-4c7a-9774-2d8c3bf8073e'),('a6e6b723-02a0-41a8-a0a6-070bb38df52d','550','1','b2366f32-ae51-4254-a1bf-9825ba1f2e97'),('a99b2e03-5027-46bc-ba2f-2139859aa433','2000','1','5194eef5-71e7-4cdd-9399-f69e8cd97202'),('ad33d132-485a-4304-af0e-1b66315c8925','75','3','0186cb31-6c51-4c7a-9774-2d8c3bf8073e'),('cf21f3fa-cff3-4877-a326-b1973fc67262','1500','1','0186cb31-6c51-4c7a-9774-2d8c3bf8073e'),('e3d0d0e0-b416-4c65-94c7-f882020e9525','75','3','b2366f32-ae51-4254-a1bf-9825ba1f2e97'),('e98e15d9-c3d1-4009-af51-58f236189878','25','2','b2366f32-ae51-4254-a1bf-9825ba1f2e97');

/*Table structure for table `ELECTION_MODULE` */

DROP TABLE IF EXISTS `ELECTION_MODULE`;

CREATE TABLE `ELECTION_MODULE` (
  `ID` varchar(36) COLLATE utf8mb4_unicode_ci NOT NULL,
  `NAME` varchar(100) COLLATE utf8mb4_unicode_ci NOT NULL,
  `DIVISION_COMMON_NAME` varchar(20) COLLATE utf8mb4_unicode_ci DEFAULT NULL,
  `CREATED_BY` varchar(50) COLLATE utf8mb4_unicode_ci DEFAULT NULL,
  `CREATED_AT` bigint(20) DEFAULT NULL,
  `UPDATED_AT` bigint(20) DEFAULT NULL,
  PRIMARY KEY (`ID`)
) ENGINE=InnoDB DEFAULT CHARSET=utf8mb4 COLLATE=utf8mb4_unicode_ci;

/*Data for the table `ELECTION_MODULE` */

insert  into `ELECTION_MODULE`(`ID`,`NAME`,`DIVISION_COMMON_NAME`,`CREATED_BY`,`CREATED_AT`,`UPDATED_AT`) values ('0ef56c85-1b58-4996-976c-a0484d48ef80','provinsioal','Provinsi88al','admin',234234,234344),('27757873-ed40-49f7-947b-48b432a1b062','provinsioal','Provinsi88al','admin-user-1',1546713528,234344),('455cd89e-269b-4b69-96ce-8d7c7bf44ac2','parliamentary','DISTRICT','admin-user-1',1546713528,1546713528),('7404a229-6274-43d0-b3c5-740c3c2e1256','presidential','ALL','admin-user-1',1546713528,1546713528),('c10a9037-773e-41bb-a219-c70722545a0d','provinsioal','Provinsi88al','admin',234234,234344),('c59b899a-90b5-45f5-97a1-1ddfaa7366d7','provinsioal','Provinsi88al','admin',234234,234344);

/*Table structure for table `ELECTION_MODULE_APPROVAL` */

DROP TABLE IF EXISTS `ELECTION_MODULE_APPROVAL`;

CREATE TABLE `ELECTION_MODULE_APPROVAL` (
  `ID` varchar(36) COLLATE utf8mb4_unicode_ci NOT NULL,
  `STATUS` enum('PENDING','APPROVE','REJECT') COLLATE utf8mb4_unicode_ci DEFAULT NULL,
  `APPROVED_BY` varchar(50) COLLATE utf8mb4_unicode_ci DEFAULT NULL,
  `APPROVED_AT` bigint(20) DEFAULT NULL,
  `UPDATED_AT` bigint(20) DEFAULT NULL,
  `MODULE_ID` varchar(36) COLLATE utf8mb4_unicode_ci DEFAULT NULL,
  PRIMARY KEY (`ID`),
  KEY `MODULE_ID` (`MODULE_ID`),
  CONSTRAINT `ELECTION_MODULE_APPROVAL_ibfk_1` FOREIGN KEY (`MODULE_ID`) REFERENCES `ELECTION_MODULE` (`id`) ON DELETE RESTRICT ON UPDATE CASCADE
) ENGINE=InnoDB DEFAULT CHARSET=utf8mb4 COLLATE=utf8mb4_unicode_ci;

/*Data for the table `ELECTION_MODULE_APPROVAL` */

insert  into `ELECTION_MODULE_APPROVAL`(`ID`,`STATUS`,`APPROVED_BY`,`APPROVED_AT`,`UPDATED_AT`,`MODULE_ID`) values ('27e4bf42-927b-4c88-8ae0-825741ddda4e','APPROVE','admin-user-2',1546713528,1546713528,'7404a229-6274-43d0-b3c5-740c3c2e1256'),('354ee027-093b-412d-becc-be9b354eddcc','APPROVE','admin-user-2',1546713528,1546713528,'27757873-ed40-49f7-947b-48b432a1b062'),('77baf5c9-7fb7-424d-ab07-9fff2dfa9f2c','APPROVE','admin-user-2',1546713528,1546713528,'455cd89e-269b-4b69-96ce-8d7c7bf44ac2');

/*Table structure for table `ELECTION_MODULE_CONFIG` */

DROP TABLE IF EXISTS `ELECTION_MODULE_CONFIG`;

CREATE TABLE `ELECTION_MODULE_CONFIG` (
  `ID` varchar(36) COLLATE utf8mb4_unicode_ci NOT NULL,
  `KEY_NAME` varchar(50) COLLATE utf8mb4_unicode_ci DEFAULT NULL,
  `DESCRIPTION` varchar(100) COLLATE utf8mb4_unicode_ci DEFAULT NULL,
  PRIMARY KEY (`ID`)
) ENGINE=InnoDB DEFAULT CHARSET=utf8mb4 COLLATE=utf8mb4_unicode_ci;

/*Data for the table `ELECTION_MODULE_CONFIG` */

insert  into `ELECTION_MODULE_CONFIG`(`ID`,`KEY_NAME`,`DESCRIPTION`) values ('15990459-2ea4-413f-b1f7-29a138fd7a97','cal type',NULL),('fe2c2d7e-66de-406a-b887-1143023f8e72','pay allowed',NULL),('ff4c6768-bdbe-4a16-b680-5fecb6b1f747','test',NULL);

/*Table structure for table `ELECTION_MODULE_CONFIG_DATA` */

DROP TABLE IF EXISTS `ELECTION_MODULE_CONFIG_DATA`;

CREATE TABLE `ELECTION_MODULE_CONFIG_DATA` (
  `ID` varchar(36) COLLATE utf8mb4_unicode_ci NOT NULL,
  `VALUE` varchar(100) CHARACTER SET utf8mb4 COLLATE utf8mb4_unicode_ci DEFAULT NULL,
  `ELECTION_MODULE_CONFIG_ID` varchar(36) COLLATE utf8mb4_unicode_ci NOT NULL,
  `MODULE_ID` varchar(36) COLLATE utf8mb4_unicode_ci NOT NULL,
  PRIMARY KEY (`ID`),
  KEY `MODULE_ID` (`MODULE_ID`),
  KEY `ELECTION_MODULE_CONFIG_ID` (`ELECTION_MODULE_CONFIG_ID`),
  CONSTRAINT `ELECTION_MODULE_CONFIG_DATA_ibfk_1` FOREIGN KEY (`MODULE_ID`) REFERENCES `ELECTION_MODULE` (`id`) ON DELETE RESTRICT ON UPDATE CASCADE,
  CONSTRAINT `ELECTION_MODULE_CONFIG_DATA_ibfk_2` FOREIGN KEY (`ELECTION_MODULE_CONFIG_ID`) REFERENCES `ELECTION_MODULE_CONFIG` (`id`) ON DELETE RESTRICT ON UPDATE CASCADE
) ENGINE=InnoDB DEFAULT CHARSET=utf8mb4 COLLATE=utf8mb4_unicode_ci;

/*Data for the table `ELECTION_MODULE_CONFIG_DATA` */

insert  into `ELECTION_MODULE_CONFIG_DATA`(`ID`,`VALUE`,`ELECTION_MODULE_CONFIG_ID`,`MODULE_ID`) values ('1face747-bcb0-48cc-b6fa-67fa5e68e37b','allowed','ff4c6768-bdbe-4a16-b680-5fecb6b1f747','c10a9037-773e-41bb-a219-c70722545a0d'),('29792729-762a-4b39-8e73-286bf85de973','allowed','fe2c2d7e-66de-406a-b887-1143023f8e72','c59b899a-90b5-45f5-97a1-1ddfaa7366d7'),('2df49c26-2928-4817-a5e8-f1a06ae2d5d1','allowed','15990459-2ea4-413f-b1f7-29a138fd7a97','27757873-ed40-49f7-947b-48b432a1b062'),('2ea93971-0a30-44b1-bc9d-a360c86d7f6b','allowed','fe2c2d7e-66de-406a-b887-1143023f8e72','c10a9037-773e-41bb-a219-c70722545a0d'),('51329544-511f-4d99-8021-50c4db3b8190','allowed','15990459-2ea4-413f-b1f7-29a138fd7a97','0ef56c85-1b58-4996-976c-a0484d48ef80'),('5b53611e-a18c-4003-967e-a271619d2792','allowed','ff4c6768-bdbe-4a16-b680-5fecb6b1f747','c59b899a-90b5-45f5-97a1-1ddfaa7366d7'),('757c1ec5-fc67-4f01-a5dd-79c141656b41','allowed','fe2c2d7e-66de-406a-b887-1143023f8e72','0ef56c85-1b58-4996-976c-a0484d48ef80'),('7866767c-8050-424f-9fac-43e3ab79630f','allowed','15990459-2ea4-413f-b1f7-29a138fd7a97','c59b899a-90b5-45f5-97a1-1ddfaa7366d7'),('b1edfab6-7f44-4fa6-8ef4-4ee4d3e02e24','allowed','15990459-2ea4-413f-b1f7-29a138fd7a97','c10a9037-773e-41bb-a219-c70722545a0d'),('c18528b7-54a6-460e-846a-896cbefe9d2f','allowed','fe2c2d7e-66de-406a-b887-1143023f8e72','27757873-ed40-49f7-947b-48b432a1b062'),('dc06786b-2d57-4e00-aa7f-b33def00a9e4','allowed','ff4c6768-bdbe-4a16-b680-5fecb6b1f747','27757873-ed40-49f7-947b-48b432a1b062'),('eb7ce243-e929-487e-b40b-06e65976c16b','allowed','ff4c6768-bdbe-4a16-b680-5fecb6b1f747','0ef56c85-1b58-4996-976c-a0484d48ef80');

/*Table structure for table `ELECTION_TEAM` */

DROP TABLE IF EXISTS `ELECTION_TEAM`;

CREATE TABLE `ELECTION_TEAM` (
  `ID` varchar(36) COLLATE utf8mb4_unicode_ci NOT NULL,
  `TEAM_ID` varchar(36) COLLATE utf8mb4_unicode_ci DEFAULT NULL,
  `ELECTION_ID` varchar(36) COLLATE utf8mb4_unicode_ci DEFAULT NULL,
  PRIMARY KEY (`ID`),
  KEY `ELECTION_ID` (`ELECTION_ID`),
  CONSTRAINT `ELECTION_TEAM_ibfk_1` FOREIGN KEY (`ELECTION_ID`) REFERENCES `ELECTION` (`id`) ON DELETE RESTRICT ON UPDATE CASCADE
) ENGINE=InnoDB DEFAULT CHARSET=utf8mb4 COLLATE=utf8mb4_unicode_ci;

/*Data for the table `ELECTION_TEAM` */

/*Table structure for table `ELECTION_TIMELINE_CONFIG` */

DROP TABLE IF EXISTS `ELECTION_TIMELINE_CONFIG`;

CREATE TABLE `ELECTION_TIMELINE_CONFIG` (
  `ID` varchar(36) COLLATE utf8mb4_unicode_ci NOT NULL,
  `KEY_NAME` varchar(50) COLLATE utf8mb4_unicode_ci NOT NULL,
  `DESCRIPTION` varchar(100) COLLATE utf8mb4_unicode_ci DEFAULT NULL,
  PRIMARY KEY (`ID`)
) ENGINE=InnoDB DEFAULT CHARSET=utf8mb4 COLLATE=utf8mb4_unicode_ci;

/*Data for the table `ELECTION_TIMELINE_CONFIG` */

insert  into `ELECTION_TIMELINE_CONFIG`(`ID`,`KEY_NAME`,`DESCRIPTION`) values ('0f62755e-9784-4046-9804-8d4deed36f2a','nomination_start_date','Start date of Nomination in UNIX TIMESTAMP'),('64ae3e95-591a-4bf9-8a5b-10803e0eca82','objection_end_date','End date of Objection in UNIX TIMESTAMP'),('675ec08b-2937-4222-94a6-0143a94763f1','objection_start_date','Start date of Objection in UNIX TIMESTAMP'),('c06a789c-405c-4e7a-8df2-66766284589b','nomination_end_date','End date of Nomination in UNIX TIMESTAMP');

/*Table structure for table `ELECTION_TIMELINE_CONFIG_DATA` */

DROP TABLE IF EXISTS `ELECTION_TIMELINE_CONFIG_DATA`;

CREATE TABLE `ELECTION_TIMELINE_CONFIG_DATA` (
  `ID` varchar(36) COLLATE utf8mb4_unicode_ci NOT NULL,
  `ELECTION_TIMELINE_CONFIG_ID` varchar(36) CHARACTER SET utf8mb4 COLLATE utf8mb4_unicode_ci DEFAULT NULL,
  `ELECTION_ID` varchar(36) CHARACTER SET utf8mb4 COLLATE utf8mb4_unicode_ci DEFAULT NULL,
  `VALUE` bigint(20) DEFAULT NULL,
  PRIMARY KEY (`ID`),
  KEY `ELECTION_TIMELINE_CONFIG_ID` (`ELECTION_TIMELINE_CONFIG_ID`),
  KEY `ELECTION_ID` (`ELECTION_ID`),
  CONSTRAINT `ELECTION_TIMELINE_CONFIG_DATA_ibfk_1` FOREIGN KEY (`ELECTION_TIMELINE_CONFIG_ID`) REFERENCES `ELECTION_TIMELINE_CONFIG` (`id`) ON DELETE RESTRICT ON UPDATE CASCADE,
  CONSTRAINT `ELECTION_TIMELINE_CONFIG_DATA_ibfk_2` FOREIGN KEY (`ELECTION_ID`) REFERENCES `ELECTION` (`id`) ON DELETE RESTRICT ON UPDATE CASCADE
) ENGINE=InnoDB DEFAULT CHARSET=utf8mb4 COLLATE=utf8mb4_unicode_ci;

/*Data for the table `ELECTION_TIMELINE_CONFIG_DATA` */

insert  into `ELECTION_TIMELINE_CONFIG_DATA`(`ID`,`ELECTION_TIMELINE_CONFIG_ID`,`ELECTION_ID`,`VALUE`) values ('09a188fb-0990-4d4e-9b8f-acfc04778ae8','c06a789c-405c-4e7a-8df2-66766284589b','43680f3e-97ac-4257-b27a-5f3b452da2e6',333),('319ef980-6899-4ead-9221-0566387e480c','0f62755e-9784-4046-9804-8d4deed36f2a','b2366f32-ae51-4254-a1bf-9825ba1f2e97',1493614800000),('3c060644-10a0-4c49-8e60-b1064b328ead','675ec08b-2937-4222-94a6-0143a94763f1','b2366f32-ae51-4254-a1bf-9825ba1f2e97',1494824400000),('73ecfc1b-3c7a-454f-9b70-ddaadd0b3a31','c06a789c-405c-4e7a-8df2-66766284589b','43680f3e-97ac-4257-b27a-5f3b452da2e6',44),('9c824758-c785-469c-a062-0f69af257ce6','675ec08b-2937-4222-94a6-0143a94763f1','43680f3e-97ac-4257-b27a-5f3b452da2e6',445),('c5248949-5345-4aee-b05b-6426ccd45bf9','0f62755e-9784-4046-9804-8d4deed36f2a','43680f3e-97ac-4257-b27a-5f3b452da2e6',12),('dc5c71de-1efe-4927-aea8-809275e7d2b5','c06a789c-405c-4e7a-8df2-66766284589b','b2366f32-ae51-4254-a1bf-9825ba1f2e97',1493874000000),('eee8c674-bb3f-4607-a158-2728b58be5d8','64ae3e95-591a-4bf9-8a5b-10803e0eca82','b2366f32-ae51-4254-a1bf-9825ba1f2e97',1495083600000);

/*Table structure for table `ELIGIBILITY_CONFIG` */

DROP TABLE IF EXISTS `ELIGIBILITY_CONFIG`;

CREATE TABLE `ELIGIBILITY_CONFIG` (
  `ID` varchar(36) COLLATE utf8mb4_unicode_ci NOT NULL,
  `DESCRIPTION` text COLLATE utf8mb4_unicode_ci NOT NULL,
  `MODULE_ID` varchar(36) COLLATE utf8mb4_unicode_ci DEFAULT NULL,
  PRIMARY KEY (`ID`),
  KEY `MODULE_ID` (`MODULE_ID`),
  CONSTRAINT `ELIGIBILITY_CONFIG_ibfk_1` FOREIGN KEY (`MODULE_ID`) REFERENCES `ELECTION_MODULE` (`id`) ON DELETE RESTRICT ON UPDATE CASCADE
) ENGINE=InnoDB DEFAULT CHARSET=utf8mb4 COLLATE=utf8mb4_unicode_ci;

/*Data for the table `ELIGIBILITY_CONFIG` */

/*Table structure for table `NOMINATION` */

DROP TABLE IF EXISTS `NOMINATION`;

CREATE TABLE `NOMINATION` (
  `ID` varchar(36) COLLATE utf8mb4_unicode_ci NOT NULL,
  `STATUS` enum('DRAFT','SUBMIT') COLLATE utf8mb4_unicode_ci DEFAULT NULL,
  `TEAM_ID` varchar(36) COLLATE utf8mb4_unicode_ci DEFAULT NULL,
  `CREATED_BY` varchar(50) COLLATE utf8mb4_unicode_ci DEFAULT NULL,
  `CREATED_AT` bigint(20) DEFAULT NULL,
  `UPDATED_AT` bigint(20) DEFAULT NULL,
  `ELECTION_ID` varchar(36) COLLATE utf8mb4_unicode_ci NOT NULL,
  `DIVISION_CONFIG_ID` varchar(36) COLLATE utf8mb4_unicode_ci DEFAULT NULL,
  PRIMARY KEY (`ID`),
  KEY `ELECTION_ID` (`ELECTION_ID`),
  KEY `DIVISION_CONFIG_ID` (`DIVISION_CONFIG_ID`),
  CONSTRAINT `NOMINATION_ibfk_1` FOREIGN KEY (`ELECTION_ID`) REFERENCES `ELECTION` (`id`) ON DELETE RESTRICT ON UPDATE CASCADE,
  CONSTRAINT `NOMINATION_ibfk_2` FOREIGN KEY (`DIVISION_CONFIG_ID`) REFERENCES `DIVISION_CONFIG` (`id`) ON DELETE RESTRICT ON UPDATE CASCADE
) ENGINE=InnoDB DEFAULT CHARSET=utf8mb4 COLLATE=utf8mb4_unicode_ci;

/*Data for the table `NOMINATION` */

insert  into `NOMINATION`(`ID`,`STATUS`,`TEAM_ID`,`CREATED_BY`,`CREATED_AT`,`UPDATED_AT`,`ELECTION_ID`,`DIVISION_CONFIG_ID`) values ('00bdd94c-e827-4e40-8079-bcbdb087e80f','DRAFT','62fcdfa7-3c5a-405f-b344-79089131dd8e','123',123,123,'43680f3e-97ac-4257-b27a-5f3b452da2e6','16ab500d-31b1-4176-bfa3-42e766e9d691'),('079f8cb7-969d-483b-a570-eda653c2fb39','DRAFT','Party-3-id','123',123,123,'b2366f32-ae51-4254-a1bf-9825ba1f2e97','3ab3cf77-a468-41a8-821a-8aa6f38222ad'),('07d4d5d9-fd83-473f-836c-a5a565d75ed1','DRAFT','5eedb70e-a4da-48e0-b971-e06cd19ecc70',NULL,NULL,NULL,'43680f3e-97ac-4257-b27a-5f3b452da2e6','1a29913e-3bc4-4a48-a35e-88f8a874e623'),('0d7848f7-673c-429e-9c87-33f4635b81c7','DRAFT','62fcdfa7-3c5a-405f-b344-79089131dd8e','123',123,123,'43680f3e-97ac-4257-b27a-5f3b452da2e6','1a29913e-3bc4-4a48-a35e-88f8a874e623'),('0ed396b6-afcb-4807-8119-06761ab5a196','DRAFT','62fcdfa7-3c5a-405f-b344-79089131dd8e','123',123,123,'43680f3e-97ac-4257-b27a-5f3b452da2e6','1a29913e-3bc4-4a48-a35e-88f8a874e623'),('135183e2-a0ca-44a0-9577-0d2b16c3217f','DRAFT','5eedb70e-a4da-48e0-b971-e06cd19ecc70',NULL,NULL,NULL,'43680f3e-97ac-4257-b27a-5f3b452da2e6','65fa860e-2928-4602-9b1e-2a7cb09ea83e'),('2db4e992-c3bd-498f-9cb5-49d4f3e48c51','DRAFT','Party-3-id','123',123,123,'b2366f32-ae51-4254-a1bf-9825ba1f2e97','1a29913e-3bc4-4a48-a35e-88f8a874e623'),('358f0d3c-5632-4046-9abb-f0aeab5bfe9e','DRAFT','62fcdfa7-3c5a-405f-b344-79089131dd8e',NULL,NULL,NULL,'43680f3e-97ac-4257-b27a-5f3b452da2e6','16ab500d-31b1-4176-bfa3-42e766e9d691'),('416e0c20-b274-4cf2-9531-8167d2f35bf7','DRAFT','5eedb70e-a4da-48e0-b971-e06cd19ecc70',NULL,NULL,NULL,'43680f3e-97ac-4257-b27a-5f3b452da2e6','21b9752f-8641-40c3-8205-39a612bf5244'),('44abf387-17d1-40f6-b0db-34fe2bc94af9','DRAFT','Party-1-id','123',123,123,'b2366f32-ae51-4254-a1bf-9825ba1f2e97','21b9752f-8641-40c3-8205-39a612bf5244'),('563c0202-0669-4b7c-8d7c-32ace19af873','DRAFT','62fcdfa7-3c5a-405f-b344-79089131dd8e','123',123,123,'43680f3e-97ac-4257-b27a-5f3b452da2e6','21b9752f-8641-40c3-8205-39a612bf5244'),('6fb66fbb-acd2-4b2e-94ac-12bee6468f5f','SUBMIT','5eedb70e-a4da-48e0-b971-e06cd19ecc70',NULL,NULL,NULL,'9b85a650-709e-4cdc-83e1-ba4a2ad97cbc','f04e4732-83c3-4444-a706-78b3928afd33'),('7a45311b-55f4-4de6-9fe1-ce1940734e11','DRAFT','Party-3-id','123',123,123,'b2366f32-ae51-4254-a1bf-9825ba1f2e97','21b9752f-8641-40c3-8205-39a612bf5244'),('7af89e93-3c50-499d-ab3b-ca5c4e7050a1','DRAFT','Party-2-id','123',123,123,'b2366f32-ae51-4254-a1bf-9825ba1f2e97','16ab500d-31b1-4176-bfa3-42e766e9d691'),('7db3d4ba-c8a0-4340-8d6e-2d9096de7d2e','DRAFT','62fcdfa7-3c5a-405f-b344-79089131dd8e',NULL,NULL,NULL,'9b85a650-709e-4cdc-83e1-ba4a2ad97cbc','f04e4732-83c3-4444-a706-78b3928afd33'),('8c14f748-ed26-4dcd-a6c0-374c4c67a540','DRAFT','Party-2-id','123',123,123,'b2366f32-ae51-4254-a1bf-9825ba1f2e97','3ab3cf77-a468-41a8-821a-8aa6f38222ad'),('8dd4ebc5-99a4-4c31-8bec-9e35d300257c','DRAFT','Party-4-id','123',123,123,'b2366f32-ae51-4254-a1bf-9825ba1f2e97','21b9752f-8641-40c3-8205-39a612bf5244'),('91900185-7f7e-4dfc-be54-04e8e80b4eba','DRAFT','Party-1-id','123',123,123,'b2366f32-ae51-4254-a1bf-9825ba1f2e97','1a29913e-3bc4-4a48-a35e-88f8a874e623'),('a0e4a9c9-4841-45df-9600-f7a607400ab6','SUBMIT','5eedb70e-a4da-48e0-b971-e06cd19ecc70',NULL,NULL,NULL,'43680f3e-97ac-4257-b27a-5f3b452da2e6','c9c710e6-cf9c-496c-9b53-2fce36598ea1'),('a7a24cec-a7d7-4cc9-8793-2833237227a1','DRAFT','Party-2-id','123',123,123,'b2366f32-ae51-4254-a1bf-9825ba1f2e97','1a29913e-3bc4-4a48-a35e-88f8a874e623'),('a821b7d9-07b1-476d-b8da-fff1e673b66e','DRAFT','Party-2-id','123',123,123,'b2366f32-ae51-4254-a1bf-9825ba1f2e97','21b9752f-8641-40c3-8205-39a612bf5244'),('aa64b16f-5881-4bb8-9b92-abb66d05b88b','DRAFT','62fcdfa7-3c5a-405f-b344-79089131dd8e',NULL,NULL,NULL,'43680f3e-97ac-4257-b27a-5f3b452da2e6','7740f20e-363f-4e10-bc1f-a67d2b9cfecd'),('ad78d32d-dd5a-41ac-a410-aa8500c04102','SUBMIT','5eedb70e-a4da-48e0-b971-e06cd19ecc70',NULL,NULL,NULL,'9b85a650-709e-4cdc-83e1-ba4a2ad97cbc','f04e4732-83c3-4444-a706-78b3928afd33'),('b01dc8d7-a7ae-4f12-a531-94d723fc329c','DRAFT','62fcdfa7-3c5a-405f-b344-79089131dd8e','123',123,123,'43680f3e-97ac-4257-b27a-5f3b452da2e6','16ab500d-31b1-4176-bfa3-42e766e9d691'),('c06b25f8-e9a0-41d4-a5e8-39b3f72821e1','DRAFT','Party-3-id','123',123,123,'b2366f32-ae51-4254-a1bf-9825ba1f2e97','16ab500d-31b1-4176-bfa3-42e766e9d691'),('c1313d6d-bac3-48f6-afd7-ce7899f1714a','SUBMIT','5eedb70e-a4da-48e0-b971-e06cd19ecc70',NULL,NULL,NULL,'43680f3e-97ac-4257-b27a-5f3b452da2e6','7740f20e-363f-4e10-bc1f-a67d2b9cfecd'),('c9f15b85-78d9-4ace-b9fa-114443d23bad','DRAFT','Party-1-id','123',123,123,'b2366f32-ae51-4254-a1bf-9825ba1f2e97','3ab3cf77-a468-41a8-821a-8aa6f38222ad'),('ed7e455c-eb95-4ccc-b090-32c1616c6d0c','SUBMIT','5eedb70e-a4da-48e0-b971-e06cd19ecc70',NULL,NULL,NULL,'43680f3e-97ac-4257-b27a-5f3b452da2e6','f15ae97b-8e95-4f38-93d9-fb97fabdcf22'),('f2be9831-77b9-4226-9a29-2454c0ea2751','DRAFT','Party-1-id','123',123,123,'b2366f32-ae51-4254-a1bf-9825ba1f2e97','16ab500d-31b1-4176-bfa3-42e766e9d691'),('f3ed108c-0c01-4115-8f1f-4f9a56c53323','SUBMIT','62fcdfa7-3c5a-405f-b344-79089131dd8e',NULL,NULL,NULL,'43680f3e-97ac-4257-b27a-5f3b452da2e6','1a29913e-3bc4-4a48-a35e-88f8a874e623'),('ff22ca14-996b-403b-ab70-3621fc5e1ea2','DRAFT','Party-4-id','123',123,123,'b2366f32-ae51-4254-a1bf-9825ba1f2e97','16ab500d-31b1-4176-bfa3-42e766e9d691'),('ffc968e0-0a4e-4801-bc80-b3f56e8478d8','DRAFT','62fcdfa7-3c5a-405f-b344-79089131dd8e','123',123,123,'43680f3e-97ac-4257-b27a-5f3b452da2e6','21b9752f-8641-40c3-8205-39a612bf5244');

/*Table structure for table `NOMINATION_APPROVAL` */

DROP TABLE IF EXISTS `NOMINATION_APPROVAL`;

CREATE TABLE `NOMINATION_APPROVAL` (
  `ID` varchar(36) COLLATE utf8mb4_unicode_ci NOT NULL,
  `APPROVED_BY` varchar(50) COLLATE utf8mb4_unicode_ci DEFAULT NULL,
  `APPROVED_AT` bigint(20) DEFAULT NULL,
  `UPDATED_AT` bigint(20) DEFAULT NULL,
  `STATUS` enum('1ST-APPROVE','2ND-APPROVE','REJECT') COLLATE utf8mb4_unicode_ci DEFAULT NULL,
  `REVIEW_NOTE` text COLLATE utf8mb4_unicode_ci,
  `NOMINATION_ID` varchar(36) COLLATE utf8mb4_unicode_ci DEFAULT NULL,
  PRIMARY KEY (`ID`),
  KEY `NOMINATION_ID` (`NOMINATION_ID`),
  CONSTRAINT `NOMINATION_APPROVAL_ibfk_1` FOREIGN KEY (`NOMINATION_ID`) REFERENCES `NOMINATION` (`id`) ON DELETE RESTRICT ON UPDATE CASCADE
) ENGINE=InnoDB DEFAULT CHARSET=utf8mb4 COLLATE=utf8mb4_unicode_ci;

/*Data for the table `NOMINATION_APPROVAL` */

insert  into `NOMINATION_APPROVAL`(`ID`,`APPROVED_BY`,`APPROVED_AT`,`UPDATED_AT`,`STATUS`,`REVIEW_NOTE`,`NOMINATION_ID`) values ('0948ed2a-c84f-4652-8a5f-52ef75a624a5','admin-user-1',1550342328,1550342328,'1ST-APPROVE','this is review note','358f0d3c-5632-4046-9abb-f0aeab5bfe9e'),('2e0913ba-4c24-4e72-ab9d-6fa3f33a9f2e','admin-user-1',1550342328,1550342328,'1ST-APPROVE','this is review note','135183e2-a0ca-44a0-9577-0d2b16c3217f'),('3ec4ed76-0783-48f9-ac53-a4b4a8c313c8','admin-user-1',1550342328,1550342328,'1ST-APPROVE','this is review note','a0e4a9c9-4841-45df-9600-f7a607400ab6'),('5514a274-bb2b-46d8-afc0-51d119c61217','admin-user-1',1550342328,1550342328,'2ND-APPROVE','this is review note','135183e2-a0ca-44a0-9577-0d2b16c3217f'),('5e23632b-7de7-4acb-be32-fb2399e14367','admin-user-1',1550342328,1550342328,'2ND-APPROVE','this is review note','358f0d3c-5632-4046-9abb-f0aeab5bfe9e'),('ff59b053-0ef9-49f1-b8cf-d831bb115a89','admin-user-1',1550342328,1550342328,'1ST-APPROVE','this is review note','416e0c20-b274-4cf2-9531-8167d2f35bf7');

/*Table structure for table `NOMINATION_SUPPORT_DOC` */

DROP TABLE IF EXISTS `NOMINATION_SUPPORT_DOC`;

CREATE TABLE `NOMINATION_SUPPORT_DOC` (
  `ID` varchar(36) COLLATE utf8mb4_unicode_ci NOT NULL,
  `FILE_PATH` varchar(200) COLLATE utf8mb4_unicode_ci DEFAULT NULL,
  `SUPPORT_DOC_CONFIG_ID` varchar(36) COLLATE utf8mb4_unicode_ci DEFAULT NULL,
  `NOMINATION_ID` varchar(36) COLLATE utf8mb4_unicode_ci DEFAULT NULL,
  `STATUS` enum('NEW','DELETE') COLLATE utf8mb4_unicode_ci DEFAULT 'NEW',
  PRIMARY KEY (`ID`),
  KEY `SUPPORT_DOC_CONFIG_ID` (`SUPPORT_DOC_CONFIG_ID`),
  KEY `NOMINATION_ID` (`NOMINATION_ID`),
  CONSTRAINT `NOMINATION_SUPPORT_DOC_ibfk_1` FOREIGN KEY (`SUPPORT_DOC_CONFIG_ID`) REFERENCES `SUPPORT_DOC_CONFIG` (`id`) ON DELETE RESTRICT ON UPDATE CASCADE,
  CONSTRAINT `NOMINATION_SUPPORT_DOC_ibfk_2` FOREIGN KEY (`NOMINATION_ID`) REFERENCES `NOMINATION` (`id`) ON DELETE RESTRICT ON UPDATE CASCADE
) ENGINE=InnoDB DEFAULT CHARSET=utf8mb4 COLLATE=utf8mb4_unicode_ci;

/*Data for the table `NOMINATION_SUPPORT_DOC` */

insert  into `NOMINATION_SUPPORT_DOC`(`ID`,`FILE_PATH`,`SUPPORT_DOC_CONFIG_ID`,`NOMINATION_ID`,`STATUS`) values ('2cecc023-5e05-43d7-8428-d0dae861e181','file4pgg88gg','15990459-2ea4-413f-b1f7-29a138fd7a97','07d4d5d9-fd83-473f-836c-a5a565d75ed1','NEW'),('32a82ec0-f60c-49a3-9fa7-c971903d230e','url/resource/to/file/server/file2.pdf','3fac66f2-302c-4d27-b9ae-1d004037a9ba','135183e2-a0ca-44a0-9577-0d2b16c3217f','NEW'),('5a4cad69-beea-4234-bbac-13952c7b2369','newtee','3fac66f2-302c-4d27-b9ae-1d004037a9ba','07d4d5d9-fd83-473f-836c-a5a565d75ed1','DELETE'),('5b8aff7b-44e6-43fe-8254-ba81c5d94129','url/resource/to/file/server/file1.pdf','b20dd58c-e5bb-469d-98c9-8711d6da1879','135183e2-a0ca-44a0-9577-0d2b16c3217f','NEW'),('641c3684-12c4-461a-87de-4184ac6f83e0','file4kkkk99ppppppppg','15990459-2ea4-413f-b1f7-29a138fd7a97','07d4d5d9-fd83-473f-836c-a5a565d75ed1','NEW'),('7a73d4c4-c988-4606-9f85-175b97d93b05','newtest','b20dd58c-e5bb-469d-98c9-8711d6da1879','07d4d5d9-fd83-473f-836c-a5a565d75ed1','DELETE');

/*Table structure for table `OBJECTION` */

DROP TABLE IF EXISTS `OBJECTION`;

CREATE TABLE `OBJECTION` (
  `ID` varchar(36) COLLATE utf8mb4_unicode_ci NOT NULL,
  `DESCRIPTION` text COLLATE utf8mb4_unicode_ci,
  `CREATED_AT` bigint(20) DEFAULT NULL,
  `CREATED_BY` varchar(100) COLLATE utf8mb4_unicode_ci DEFAULT NULL,
  `CREATED_BY_TEAM_ID` varchar(36) COLLATE utf8mb4_unicode_ci DEFAULT NULL,
  `NOMINATION_ID` varchar(36) COLLATE utf8mb4_unicode_ci DEFAULT NULL,
  PRIMARY KEY (`ID`),
  KEY `NOMINATION_ID` (`NOMINATION_ID`),
  CONSTRAINT `OBJECTION_ibfk_1` FOREIGN KEY (`NOMINATION_ID`) REFERENCES `NOMINATION` (`id`) ON DELETE RESTRICT ON UPDATE CASCADE
) ENGINE=InnoDB DEFAULT CHARSET=utf8mb4 COLLATE=utf8mb4_unicode_ci;

/*Data for the table `OBJECTION` */

insert  into `OBJECTION`(`ID`,`DESCRIPTION`,`CREATED_AT`,`CREATED_BY`,`CREATED_BY_TEAM_ID`,`NOMINATION_ID`) values ('1ecbc3f5-7802-483b-9ff4-61dd4cbc7e91','Objection Description 2',1550428728,'UsernameFromIS-1','62fcdfa7-3c5a-405f-b344-79089131dd8e','a0e4a9c9-4841-45df-9600-f7a607400ab6'),('27a74411-ed86-484b-9904-7146183135dc','Objection Description 6',1587235128,'UsernameFromIS-4','5eedb70e-a4da-48e0-b971-e06cd19ecc70','7db3d4ba-c8a0-4340-8d6e-2d9096de7d2e'),('36f6062e-356a-4d14-84c6-2da68c962287','Objection Description 3',1587148728,'UsernameFromIS-3','5eedb70e-a4da-48e0-b971-e06cd19ecc70','358f0d3c-5632-4046-9abb-f0aeab5bfe9e'),('417c0d5d-d417-4333-b334-56d40f725c8a','Objection Description 1',1550342328,'UsernameFromIS-1','62fcdfa7-3c5a-405f-b344-79089131dd8e','135183e2-a0ca-44a0-9577-0d2b16c3217f'),('4ebac898-0e6f-11e9-ab14-d663bd873d93','Objection Description 4',1550428728,'UsernameFromIS-1','62fcdfa7-3c5a-405f-b344-79089131dd8e','ad78d32d-dd5a-41ac-a410-aa8500c04102'),('e0093c7d-8636-4467-931c-1fbc4f2053b8','Objection Description 5',1550428728,'UsernameFromIS-1','62fcdfa7-3c5a-405f-b344-79089131dd8e','ed7e455c-eb95-4ccc-b090-32c1616c6d0c');

/*Table structure for table `OBJECTION_REVIEW` */

DROP TABLE IF EXISTS `OBJECTION_REVIEW`;

CREATE TABLE `OBJECTION_REVIEW` (
  `ID` varchar(36) COLLATE utf8mb4_unicode_ci NOT NULL,
  `CREATED_BY` varchar(100) COLLATE utf8mb4_unicode_ci DEFAULT NULL,
  `CREATED_AT` bigint(20) DEFAULT NULL,
  `NOTE` text COLLATE utf8mb4_unicode_ci,
  `OBJECTION_ID` varchar(36) COLLATE utf8mb4_unicode_ci DEFAULT NULL,
  PRIMARY KEY (`ID`),
  KEY `OBJECTION_ID` (`OBJECTION_ID`),
  CONSTRAINT `OBJECTION_REVIEW_ibfk_1` FOREIGN KEY (`OBJECTION_ID`) REFERENCES `OBJECTION` (`id`) ON DELETE RESTRICT ON UPDATE CASCADE
) ENGINE=InnoDB DEFAULT CHARSET=utf8mb4 COLLATE=utf8mb4_unicode_ci;

/*Data for the table `OBJECTION_REVIEW` */

insert  into `OBJECTION_REVIEW`(`ID`,`CREATED_BY`,`CREATED_AT`,`NOTE`,`OBJECTION_ID`) values ('2f3ea8b3-a21e-497f-ab91-8e9eafdcd922','UsernameFromIS-EC-Admin1',1550428728,'this is a review note.','417c0d5d-d417-4333-b334-56d40f725c8a'),('7048cc45-6dab-44aa-818f-5030a93daa26','UsernameFromIS-EC-Admin1',1550428728,'this is a review note.','1ecbc3f5-7802-483b-9ff4-61dd4cbc7e91');

/*Table structure for table `OBJECTION_SUPPORT_DOC` */

DROP TABLE IF EXISTS `OBJECTION_SUPPORT_DOC`;

CREATE TABLE `OBJECTION_SUPPORT_DOC` (
  `ID` varchar(36) COLLATE utf8mb4_unicode_ci NOT NULL,
  `FILE_PATH` varchar(300) COLLATE utf8mb4_unicode_ci DEFAULT NULL,
  `SUPPORT_DOC_CONFIG_ID` varchar(36) COLLATE utf8mb4_unicode_ci DEFAULT NULL,
  `OBJECTION_ID` varchar(36) COLLATE utf8mb4_unicode_ci DEFAULT NULL,
  PRIMARY KEY (`ID`),
  KEY `SUPPORT_DOC_CONFIG_ID` (`SUPPORT_DOC_CONFIG_ID`),
  KEY `OBJECTION_ID` (`OBJECTION_ID`),
  CONSTRAINT `OBJECTION_SUPPORT_DOC_ibfk_1` FOREIGN KEY (`SUPPORT_DOC_CONFIG_ID`) REFERENCES `SUPPORT_DOC_CONFIG` (`id`) ON DELETE RESTRICT ON UPDATE CASCADE,
  CONSTRAINT `OBJECTION_SUPPORT_DOC_ibfk_2` FOREIGN KEY (`OBJECTION_ID`) REFERENCES `OBJECTION` (`id`) ON DELETE RESTRICT ON UPDATE CASCADE
) ENGINE=InnoDB DEFAULT CHARSET=utf8mb4 COLLATE=utf8mb4_unicode_ci;

/*Data for the table `OBJECTION_SUPPORT_DOC` */

insert  into `OBJECTION_SUPPORT_DOC`(`ID`,`FILE_PATH`,`SUPPORT_DOC_CONFIG_ID`,`OBJECTION_ID`) values ('03d71aee-880b-4898-b04f-da21f8f095bb','url/resource/to/file/server/file3.pdf','59f4d9df-006b-4d7c-82dc-736041e97f37','36f6062e-356a-4d14-84c6-2da68c962287'),('7d70a34f-bce6-4a29-a693-c1ace2075a81','url/resource/to/file/server/file4.pdf','59f4d9df-006b-4d7c-82dc-736041e97f37','27a74411-ed86-484b-9904-7146183135dc'),('999af464-ac5a-4b48-bdbc-fcea2840bf5b','url/resource/to/file/server/file1.pdf','59f4d9df-006b-4d7c-82dc-736041e97f37','417c0d5d-d417-4333-b334-56d40f725c8a'),('bce0ba43-1098-4570-953a-81cb09e27d55','url/resource/to/file/server/file2.pdf','59f4d9df-006b-4d7c-82dc-736041e97f37','417c0d5d-d417-4333-b334-56d40f725c8a');

/*Table structure for table `PAYMENT` */

DROP TABLE IF EXISTS `PAYMENT`;

CREATE TABLE `PAYMENT` (
  `ID` varchar(36) COLLATE utf8mb4_unicode_ci NOT NULL,
  `DEPOSITOR` varchar(100) COLLATE utf8mb4_unicode_ci DEFAULT NULL,
  `DEPOSIT_DATE` bigint(20) DEFAULT NULL,
  `AMOUNT` decimal(13,4) DEFAULT NULL,
  `FILE_PATH` varchar(300) COLLATE utf8mb4_unicode_ci DEFAULT NULL,
  `STATUS` enum('PENDING','APPROVE','REJECT') COLLATE utf8mb4_unicode_ci DEFAULT NULL,
  `CREATED_BY` varchar(50) COLLATE utf8mb4_unicode_ci DEFAULT NULL,
  `CREATED_AT` bigint(20) DEFAULT NULL,
  `UPDATED_AT` bigint(20) DEFAULT NULL,
  `NOMINATION_ID` varchar(36) COLLATE utf8mb4_unicode_ci DEFAULT NULL,
  `NOTE` text COLLATE utf8mb4_unicode_ci,
  PRIMARY KEY (`ID`),
  KEY `NOMINATION_ID` (`NOMINATION_ID`),
  CONSTRAINT `PAYMENT_ibfk_1` FOREIGN KEY (`NOMINATION_ID`) REFERENCES `NOMINATION` (`id`) ON DELETE RESTRICT ON UPDATE CASCADE
) ENGINE=InnoDB DEFAULT CHARSET=utf8mb4 COLLATE=utf8mb4_unicode_ci;

/*Data for the table `PAYMENT` */

insert  into `PAYMENT`(`ID`,`DEPOSITOR`,`DEPOSIT_DATE`,`AMOUNT`,`FILE_PATH`,`STATUS`,`CREATED_BY`,`CREATED_AT`,`UPDATED_AT`,`NOMINATION_ID`,`NOTE`) values ('1386fdd8-03d1-4317-b67e-c6a342b4704c','pahan',1549929600000,500.0000,'upload','PENDING','pahan',1551245513000,1551245513000,'416e0c20-b274-4cf2-9531-8167d2f35bf7',NULL),('357aea64-4bfc-4cd7-ade6-327fc6bd861d','nimal',1550188800000,1000.0000,'upload','PENDING','kasun',1550188800000,1550188800000,'135183e2-a0ca-44a0-9577-0d2b16c3217f',NULL),('4a43cce9-212e-4984-a705-273650e72384','kasun',1550016000000,250.0000,'upload','PENDING','ujith',1550016000000,1551675597000,'07d4d5d9-fd83-473f-836c-a5a565d75ed1',NULL);

/*Table structure for table `SUPPORT_DOC_CONFIG` */

DROP TABLE IF EXISTS `SUPPORT_DOC_CONFIG`;

CREATE TABLE `SUPPORT_DOC_CONFIG` (
  `ID` varchar(36) COLLATE utf8mb4_unicode_ci NOT NULL,
  `KEY_NAME` varchar(50) COLLATE utf8mb4_unicode_ci NOT NULL,
  `DESCRIPTION` varchar(100) COLLATE utf8mb4_unicode_ci DEFAULT NULL,
  `DOC_CATEGORY` enum('NOMINATION','CANDIDATE','OBJECTION') COLLATE utf8mb4_unicode_ci DEFAULT NULL,
  PRIMARY KEY (`ID`)
) ENGINE=InnoDB DEFAULT CHARSET=utf8mb4 COLLATE=utf8mb4_unicode_ci;

/*Data for the table `SUPPORT_DOC_CONFIG` */

insert  into `SUPPORT_DOC_CONFIG`(`ID`,`KEY_NAME`,`DESCRIPTION`,`DOC_CATEGORY`) values ('15990459-2ea4-413f-b1f7-29a138fd7a97','Affidavit','Affidavit','CANDIDATE'),('3fac66f2-302c-4d27-b9ae-1d004037a9ba','Female Declaration Form','Declaration form that denotes the precentage of female representation for the nomination','NOMINATION'),('59f4d9df-006b-4d7c-82dc-736041e97f37','Objection Support Document','Submit any type of document related to objection','OBJECTION'),('b20dd58c-e5bb-469d-98c9-8711d6da1879','Nomination Form','Nomination form with signature','NOMINATION'),('fe2c2d7e-66de-406a-b887-1143023f8e72','NIC','National Identification Card','CANDIDATE'),('ff4c6768-bdbe-4a16-b680-5fecb6b1f747','Birth Certificate','Birth Certification','CANDIDATE');

/*Table structure for table `SUPPORT_DOC_CONFIG_DATA` */

DROP TABLE IF EXISTS `SUPPORT_DOC_CONFIG_DATA`;

CREATE TABLE `SUPPORT_DOC_CONFIG_DATA` (
  `ID` varchar(36) COLLATE utf8mb4_unicode_ci NOT NULL,
  `SUPPORT_DOC_CONFIG_ID` varchar(36) COLLATE utf8mb4_unicode_ci NOT NULL,
  `MODULE_ID` varchar(36) COLLATE utf8mb4_unicode_ci NOT NULL,
  PRIMARY KEY (`ID`),
  KEY `MODULE_ID` (`MODULE_ID`),
  KEY `SUPPORT_DOC_CONFIG_ID` (`SUPPORT_DOC_CONFIG_ID`),
  CONSTRAINT `SUPPORT_DOC_CONFIG_DATA_ibfk_1` FOREIGN KEY (`MODULE_ID`) REFERENCES `ELECTION_MODULE` (`id`) ON DELETE RESTRICT ON UPDATE CASCADE,
  CONSTRAINT `SUPPORT_DOC_CONFIG_DATA_ibfk_2` FOREIGN KEY (`SUPPORT_DOC_CONFIG_ID`) REFERENCES `SUPPORT_DOC_CONFIG` (`id`) ON DELETE RESTRICT ON UPDATE CASCADE
) ENGINE=InnoDB DEFAULT CHARSET=utf8mb4 COLLATE=utf8mb4_unicode_ci;

/*Data for the table `SUPPORT_DOC_CONFIG_DATA` */

insert  into `SUPPORT_DOC_CONFIG_DATA`(`ID`,`SUPPORT_DOC_CONFIG_ID`,`MODULE_ID`) values ('08a82b92-06f8-4f33-a991-d26fdac3059d','fe2c2d7e-66de-406a-b887-1143023f8e72','0ef56c85-1b58-4996-976c-a0484d48ef80'),('0f445cb1-ab2d-4a3d-a385-b02070acb2c1','fe2c2d7e-66de-406a-b887-1143023f8e72','27757873-ed40-49f7-947b-48b432a1b062'),('1f28e15f-9f1c-4b23-b2dd-ef8502e3d84c','15990459-2ea4-413f-b1f7-29a138fd7a97','27757873-ed40-49f7-947b-48b432a1b062'),('36ff864f-4fc2-4d29-91d0-43e1398c009c','15990459-2ea4-413f-b1f7-29a138fd7a97','0ef56c85-1b58-4996-976c-a0484d48ef80'),('3c220808-643d-496c-8f7a-ac18190365c2','fe2c2d7e-66de-406a-b887-1143023f8e72','c59b899a-90b5-45f5-97a1-1ddfaa7366d7'),('47d1a26c-18e5-46b4-8594-e6ccff0eb063','ff4c6768-bdbe-4a16-b680-5fecb6b1f747','0ef56c85-1b58-4996-976c-a0484d48ef80'),('5b627b5a-007d-4a99-9538-bfa4273b2739','ff4c6768-bdbe-4a16-b680-5fecb6b1f747','c59b899a-90b5-45f5-97a1-1ddfaa7366d7'),('8a96292a-e214-403d-9126-6b4433a1ecf9','15990459-2ea4-413f-b1f7-29a138fd7a97','c59b899a-90b5-45f5-97a1-1ddfaa7366d7'),('afd7cc9d-10a9-4a4e-8972-a31fe962fbac','ff4c6768-bdbe-4a16-b680-5fecb6b1f747','c10a9037-773e-41bb-a219-c70722545a0d'),('b2d50ea1-a656-4fd5-8029-0163c040b289','15990459-2ea4-413f-b1f7-29a138fd7a97','c10a9037-773e-41bb-a219-c70722545a0d'),('d70ac9e8-727b-46dd-a6a1-05511e3142e1','fe2c2d7e-66de-406a-b887-1143023f8e72','c10a9037-773e-41bb-a219-c70722545a0d'),('e30a3165-ddcc-4373-98cc-59632a70d31e','ff4c6768-bdbe-4a16-b680-5fecb6b1f747','27757873-ed40-49f7-947b-48b432a1b062');

/*Table structure for table `USER` */

DROP TABLE IF EXISTS `USER`;

CREATE TABLE `USER` (
  `ID` varchar(36) COLLATE utf8mb4_unicode_ci NOT NULL,
  `NAME` varchar(45) COLLATE utf8mb4_unicode_ci DEFAULT NULL,
  PRIMARY KEY (`ID`)
) ENGINE=InnoDB DEFAULT CHARSET=utf8mb4 COLLATE=utf8mb4_unicode_ci;

/*Data for the table `USER` */

insert  into `USER`(`ID`,`NAME`) values ('123','CLEMENT');

/*!40101 SET SQL_MODE=@OLD_SQL_MODE */;
/*!40014 SET FOREIGN_KEY_CHECKS=@OLD_FOREIGN_KEY_CHECKS */;
/*!40014 SET UNIQUE_CHECKS=@OLD_UNIQUE_CHECKS */;
/*!40111 SET SQL_NOTES=@OLD_SQL_NOTES */;
