/*
SQLyog Ultimate v11.11 (64 bit)
MySQL - 8.0.13 : Database - EC_NOMINATION
*********************************************************************
*/

/*!40101 SET NAMES utf8 */;

/*!40101 SET SQL_MODE=''*/;

/*!40014 SET @OLD_UNIQUE_CHECKS=@@UNIQUE_CHECKS, UNIQUE_CHECKS=0 */;
/*!40014 SET @OLD_FOREIGN_KEY_CHECKS=@@FOREIGN_KEY_CHECKS, FOREIGN_KEY_CHECKS=0 */;
/*!40101 SET @OLD_SQL_MODE=@@SQL_MODE, SQL_MODE='NO_AUTO_VALUE_ON_ZERO' */;
/*!40111 SET @OLD_SQL_NOTES=@@SQL_NOTES, SQL_NOTES=0 */;
CREATE DATABASE /*!32312 IF NOT EXISTS*/`EC_NOMINATION` /*!40100 DEFAULT CHARACTER SET utf8mb4 COLLATE utf8mb4_unicode_ci */;

USE `EC_NOMINATION`;

/*Table structure for table `CANDIDATE` */

DROP TABLE IF EXISTS `CANDIDATE`;

CREATE TABLE `CANDIDATE` (
  `ID` varchar(36) COLLATE utf8mb4_unicode_ci NOT NULL,
  `FULL_NAME` varchar(200) COLLATE utf8mb4_unicode_ci DEFAULT NULL,
  `PREFERRED_NAME` varchar(50) COLLATE utf8mb4_unicode_ci DEFAULT NULL,
  `NIC` varchar(15) COLLATE utf8mb4_unicode_ci DEFAULT NULL,
  `DATE_OF_BIRTH` bigint(20) DEFAULT NULL,
  `GENDER` varchar(6) COLLATE utf8mb4_unicode_ci DEFAULT NULL,
  `ADDRESS` varchar(300) COLLATE utf8mb4_unicode_ci DEFAULT NULL,
  `OCCUPATION` varchar(20) COLLATE utf8mb4_unicode_ci DEFAULT NULL,
  `ELECTORAL_DIVISION_NAME` varchar(50) COLLATE utf8mb4_unicode_ci DEFAULT NULL,
  `ELECTORAL_DIVISION_CODE` varchar(10) COLLATE utf8mb4_unicode_ci DEFAULT NULL,
  `COUNSIL_NAME` varchar(20) COLLATE utf8mb4_unicode_ci DEFAULT NULL,
  `NOMINATION_ID` varchar(36) COLLATE utf8mb4_unicode_ci DEFAULT NULL,
  PRIMARY KEY (`ID`),
  KEY `NOMINATION_ID` (`NOMINATION_ID`),
  CONSTRAINT `CANDIDATE_ibfk_1` FOREIGN KEY (`NOMINATION_ID`) REFERENCES `NOMINATION` (`id`) ON DELETE RESTRICT ON UPDATE CASCADE
) ENGINE=InnoDB DEFAULT CHARSET=utf8mb4 COLLATE=utf8mb4_unicode_ci;

/*Data for the table `CANDIDATE` */

insert  into `CANDIDATE`(`ID`,`FULL_NAME`,`PREFERRED_NAME`,`NIC`,`DATE_OF_BIRTH`,`GENDER`,`ADDRESS`,`OCCUPATION`,`ELECTORAL_DIVISION_NAME`,`ELECTORAL_DIVISION_CODE`,`COUNSIL_NAME`,`NOMINATION_ID`) values ('28f03c62-45c4-439d-9f6f-7bf0590b740f','Saman Perera','perera','912546780V',1552348800000,'MALE','Colombo 5','Doctor','Kaluthara','K001','cbe','2e4ec2bf-f219-49f9-8553-25b02bcc9e35'),('344c3b4e-123b-4c3b-bebf-0a246e2da176','Nimal Perera','nimal','912546780V',1551744000000,'MALE','Colombo 7','SE','Colombo','C002','cbed','2e4ec2bf-f219-49f9-8553-25b02bcc9e35'),('74847018-c5c1-4c28-9d76-d127ef4ea86d','Kamal','Disanayaka','9109231232V',1553040000000,'MALE','Colombo 2','Doctor','Gampaha','G003','cb','0201bed3-ca76-46b8-9d42-5d365555820e'),('76dfa3ba-9dad-42e6-91ba-38d994e6cfcc','Saman','Perera','912470790V',1551830400000,'MALE','Colombo 6','Doctor','Kaluthara','K001','cbl','0201bed3-ca76-46b8-9d42-5d365555820e'),('ff98483c-d9e4-4720-b8e7-796af22490a7','Nimal','Perera','910922220V',1552348800000,'MALE','Colombo 4','SE','Colombo','C002','cbi','0201bed3-ca76-46b8-9d42-5d365555820e');

/*Table structure for table `CANDIDATE_CONFIG` */

DROP TABLE IF EXISTS `CANDIDATE_CONFIG`;

CREATE TABLE `CANDIDATE_CONFIG` (
  `ID` varchar(36) COLLATE utf8mb4_unicode_ci NOT NULL,
  `KEY_NAME` varchar(50) COLLATE utf8mb4_unicode_ci DEFAULT NULL,
  `DESCRIPTION` varchar(100) COLLATE utf8mb4_unicode_ci DEFAULT NULL,
  PRIMARY KEY (`ID`)
) ENGINE=InnoDB DEFAULT CHARSET=utf8mb4 COLLATE=utf8mb4_unicode_ci;

/*Data for the table `CANDIDATE_CONFIG` */

insert  into `CANDIDATE_CONFIG`(`ID`,`KEY_NAME`,`DESCRIPTION`) values ('1','FULL_NAME','candidate name'),('10','COUNSIL_NAME',NULL),('2','PREFERRED_NAME',NULL),('3','NIC',NULL),('4','DATE_OF_BIRTH',NULL),('5','GENDER',NULL),('6','ADDRESS',NULL),('7','OCCUPATION',NULL),('8','ELECTORAL_DIVISION_NAME',NULL),('9','ELECTORAL_DIVISION_CODE',NULL);

/*Table structure for table `CANDIDATE_CONFIG_DATA` */

DROP TABLE IF EXISTS `CANDIDATE_CONFIG_DATA`;

CREATE TABLE `CANDIDATE_CONFIG_DATA` (
  `ID` varchar(36) COLLATE utf8mb4_unicode_ci NOT NULL,
  `MODULE_ID` varchar(36) COLLATE utf8mb4_unicode_ci DEFAULT NULL,
  `CANDIDATE_CONFIG_ID` varchar(36) COLLATE utf8mb4_unicode_ci DEFAULT NULL,
  PRIMARY KEY (`ID`),
  KEY `MODULE_ID` (`MODULE_ID`),
  KEY `CANDIDATE_CONFIG_ID` (`CANDIDATE_CONFIG_ID`),
  CONSTRAINT `CANDIDATE_CONFIG_DATA_ibfk_1` FOREIGN KEY (`MODULE_ID`) REFERENCES `ELECTION_MODULE` (`id`) ON DELETE RESTRICT ON UPDATE CASCADE,
  CONSTRAINT `CANDIDATE_CONFIG_DATA_ibfk_2` FOREIGN KEY (`CANDIDATE_CONFIG_ID`) REFERENCES `CANDIDATE_CONFIG` (`id`) ON DELETE RESTRICT ON UPDATE CASCADE
) ENGINE=InnoDB DEFAULT CHARSET=utf8mb4 COLLATE=utf8mb4_unicode_ci;

/*Data for the table `CANDIDATE_CONFIG_DATA` */

insert  into `CANDIDATE_CONFIG_DATA`(`ID`,`MODULE_ID`,`CANDIDATE_CONFIG_ID`) values ('0c5fef30-d4b6-4ac5-ac06-91dbcebcc6e1','0ef56c85-1b58-4996-976c-a0484d48ef80','3'),('0f3f1c0f-68e9-4660-80e6-d6ba635cdd25','a7d6a31e-bccc-400b-931e-72e9bc859cf9','1'),('1358ac93-f487-4dd2-99d4-eee009e9ab30','c10a9037-773e-41bb-a219-c70722545a0d','3'),('1ab2d801-f911-4b77-831b-f5f642a64fe0','0ef56c85-1b58-4996-976c-a0484d48ef80','1'),('2501181a-47cb-4fcd-9c44-536a0bf6484a','27757873-ed40-49f7-947b-48b432a1b062','1'),('27ceb423-c47a-405f-9d61-fc2234930d98','c59b899a-90b5-45f5-97a1-1ddfaa7366d7','2'),('4d25b322-8ba1-4b0f-94bf-72c82764e30b','c10a9037-773e-41bb-a219-c70722545a0d','2'),('6f43987d-cb11-4366-817b-4a55eaccf4d8','27757873-ed40-49f7-947b-48b432a1b062','3'),('7a94edfc-0789-4e80-bfc3-d985d4311999','a7d6a31e-bccc-400b-931e-72e9bc859cf9','4'),('8427df4b-566e-479b-98c4-309c570b77e5','a7d6a31e-bccc-400b-931e-72e9bc859cf9','2'),('93b2bbdf-e86b-4af5-b612-ba8308910ace','27757873-ed40-49f7-947b-48b432a1b062','2'),('a3f6d33c-baff-4eb2-afdd-6c3e15b8a40b','0ef56c85-1b58-4996-976c-a0484d48ef80','4'),('a51b1e7c-22fe-47fa-9728-841f5cf3738c','c10a9037-773e-41bb-a219-c70722545a0d','1'),('c05b9acc-530e-4496-8516-7262c0d18ad5','c59b899a-90b5-45f5-97a1-1ddfaa7366d7','4'),('cb9a9da7-1e19-4321-8f19-f9dbe79628cc','0ef56c85-1b58-4996-976c-a0484d48ef80','2'),('d7fa8e37-a208-4941-835e-fb55b66c7629','a7d6a31e-bccc-400b-931e-72e9bc859cf9','3'),('e3cf4fb3-1044-4a66-a375-330e4d4cccdd','c59b899a-90b5-45f5-97a1-1ddfaa7366d7','1'),('e649918f-b980-453d-b0ca-5d774a22562f','c10a9037-773e-41bb-a219-c70722545a0d','4'),('fe6da703-d8bc-4499-a6c4-8ca10d65fe72','27757873-ed40-49f7-947b-48b432a1b062','4'),('ff0ea334-14af-462d-998b-0e8d8940a17f','c59b899a-90b5-45f5-97a1-1ddfaa7366d7','3');

/*Table structure for table `CANDIDATE_SUPPORT_DOC` */

DROP TABLE IF EXISTS `CANDIDATE_SUPPORT_DOC`;

CREATE TABLE `CANDIDATE_SUPPORT_DOC` (
  `ID` varchar(36) COLLATE utf8mb4_unicode_ci NOT NULL,
  `ORIGINAL_NAME` varchar(100) COLLATE utf8mb4_unicode_ci DEFAULT NULL,
  `FILE_PATH` varchar(200) COLLATE utf8mb4_unicode_ci DEFAULT NULL,
  `SUPPORT_DOC_CONFIG_ID` varchar(36) COLLATE utf8mb4_unicode_ci DEFAULT NULL,
  `CANDIDATE_ID` varchar(36) COLLATE utf8mb4_unicode_ci DEFAULT NULL,
  `NOMINATION_ID` varchar(36) COLLATE utf8mb4_unicode_ci DEFAULT NULL,
  `STATUS` enum('NEW','DELETE') COLLATE utf8mb4_unicode_ci DEFAULT NULL,
  PRIMARY KEY (`ID`),
  KEY `SUPPORT_DOC_CONFIG_ID` (`SUPPORT_DOC_CONFIG_ID`),
  KEY `CANDIDATE_ID` (`CANDIDATE_ID`),
  KEY `NOMINATION_ID` (`NOMINATION_ID`),
  CONSTRAINT `CANDIDATE_SUPPORT_DOC_ibfk_1` FOREIGN KEY (`SUPPORT_DOC_CONFIG_ID`) REFERENCES `SUPPORT_DOC_CONFIG` (`id`) ON DELETE RESTRICT ON UPDATE CASCADE,
  CONSTRAINT `CANDIDATE_SUPPORT_DOC_ibfk_2` FOREIGN KEY (`CANDIDATE_ID`) REFERENCES `CANDIDATE` (`id`) ON DELETE RESTRICT ON UPDATE CASCADE,
  CONSTRAINT `CANDIDATE_SUPPORT_DOC_ibfk_3` FOREIGN KEY (`NOMINATION_ID`) REFERENCES `NOMINATION` (`id`) ON DELETE RESTRICT ON UPDATE CASCADE
) ENGINE=InnoDB DEFAULT CHARSET=utf8mb4 COLLATE=utf8mb4_unicode_ci;

/*Data for the table `CANDIDATE_SUPPORT_DOC` */

/*Table structure for table `DIVISION_CONFIG` */

DROP TABLE IF EXISTS `DIVISION_CONFIG`;

CREATE TABLE `DIVISION_CONFIG` (
  `ID` varchar(36) COLLATE utf8mb4_unicode_ci NOT NULL,
  `NAME` varchar(100) COLLATE utf8mb4_unicode_ci NOT NULL,
  `CODE` varchar(10) COLLATE utf8mb4_unicode_ci NOT NULL,
  `NO_OF_CANDIDATES` int(5) NOT NULL,
  `MODULE_ID` varchar(36) COLLATE utf8mb4_unicode_ci DEFAULT NULL,
  PRIMARY KEY (`ID`),
  KEY `MODULE_ID` (`MODULE_ID`),
  CONSTRAINT `DIVISION_CONFIG_ibfk_1` FOREIGN KEY (`MODULE_ID`) REFERENCES `ELECTION_MODULE` (`id`) ON DELETE RESTRICT ON UPDATE CASCADE
) ENGINE=InnoDB DEFAULT CHARSET=utf8mb4 COLLATE=utf8mb4_unicode_ci;

/*Data for the table `DIVISION_CONFIG` */

insert  into `DIVISION_CONFIG`(`ID`,`NAME`,`CODE`,`NO_OF_CANDIDATES`,`MODULE_ID`) values ('16ab500d-31b1-4176-bfa3-42e766e9d691','Badulla','19',11,'455cd89e-269b-4b69-96ce-8d7c7bf44ac2'),('1a29913e-3bc4-4a48-a35e-88f8a874e623','Trincomalee','14',4,'455cd89e-269b-4b69-96ce-8d7c7bf44ac2'),('1f04faa0-0d02-4680-a695-ba0ce7399c22','div name 1','e3',13,'27757873-ed40-49f7-947b-48b432a1b062'),('21b9752f-8641-40c3-8205-39a612bf5244','Gampaha','2',21,'455cd89e-269b-4b69-96ce-8d7c7bf44ac2'),('35fee944-1635-4d5b-be4a-8a8245289959','div name 1','d3',20,'27757873-ed40-49f7-947b-48b432a1b062'),('3ab3cf77-a468-41a8-821a-8aa6f38222ad','Matale','5',8,'455cd89e-269b-4b69-96ce-8d7c7bf44ac2'),('3c3d1ac0-92b7-485f-a927-5a513853127c','div name 1','e3',13,'0ef56c85-1b58-4996-976c-a0484d48ef80'),('437bd796-597f-4d9e-9b09-874ecded15bf','Nuwaraeliya','6',11,'455cd89e-269b-4b69-96ce-8d7c7bf44ac2'),('44424777-9888-44cb-90ed-f4742e687ca6','Galle','7',13,'455cd89e-269b-4b69-96ce-8d7c7bf44ac2'),('482ddfa5-b6d3-4701-8f17-2e92f9e02774','Monaragala','20',9,'455cd89e-269b-4b69-96ce-8d7c7bf44ac2'),('4875b722-fa52-4a6f-a339-ed2fdf86fbcb','Anuradhapura','17',12,'455cd89e-269b-4b69-96ce-8d7c7bf44ac2'),('4ee33e53-6d64-47d0-8826-6da3f30fecdf','div name 1','d3',20,'c10a9037-773e-41bb-a219-c70722545a0d'),('5307e493-3745-4877-b3f2-76af67cbcfbc','div name 1','e3',13,'a7d6a31e-bccc-400b-931e-72e9bc859cf9'),('5aa87f72-90c5-4a4d-8160-be750b15ed7b','Puttalam','16',11,'455cd89e-269b-4b69-96ce-8d7c7bf44ac2'),('6447905b-a5c8-43fc-870b-a25b045e7041','div name 1','d3',20,'0ef56c85-1b58-4996-976c-a0484d48ef80'),('6541f00c-abf6-4f26-a8b0-a46599fceaeb','Kurunegala','15',18,'455cd89e-269b-4b69-96ce-8d7c7bf44ac2'),('65fa860e-2928-4602-9b1e-2a7cb09ea83e','Colombo','1',22,'455cd89e-269b-4b69-96ce-8d7c7bf44ac2'),('7740f20e-363f-4e10-bc1f-a67d2b9cfecd','Jaffna','10',10,'455cd89e-269b-4b69-96ce-8d7c7bf44ac2'),('8db00e7e-8a1b-4652-a3d2-f4a7addb8604','div name 1','e3',13,'c59b899a-90b5-45f5-97a1-1ddfaa7366d7'),('9883ac25-9841-4dda-b2dc-7a9cc1b351f8','div name 1','e3',13,'c10a9037-773e-41bb-a219-c70722545a0d'),('9c1e3ae2-c78b-4f03-8b0c-8d636a36589f','Batticaloa','12',8,'455cd89e-269b-4b69-96ce-8d7c7bf44ac2'),('9c2a87ca-1a5e-425b-9965-a2b7e469f647','Ratnapura','21',14,'455cd89e-269b-4b69-96ce-8d7c7bf44ac2'),('a6dc70bb-29ee-42a6-a027-4c79b53af7a6','div name 1','d3',20,'a7d6a31e-bccc-400b-931e-72e9bc859cf9'),('ab53fce6-7284-4428-9d9d-679ffabda4f8','div name 1','e3s',12,'c10a9037-773e-41bb-a219-c70722545a0d'),('b4ac80e4-0f93-4e1f-99bb-dc0e906df0cb','div name 1','e3s',12,'a7d6a31e-bccc-400b-931e-72e9bc859cf9'),('bf6d8e67-bb79-41c6-8647-1424ef4d6103','Polonnaruwa','18',8,'455cd89e-269b-4b69-96ce-8d7c7bf44ac2'),('c9c710e6-cf9c-496c-9b53-2fce36598ea1','Kaluthara','3',13,'455cd89e-269b-4b69-96ce-8d7c7bf44ac2'),('d1554731-1270-4307-b82a-86fc871d75b1','div name 1','e3s',12,'0ef56c85-1b58-4996-976c-a0484d48ef80'),('e1b56595-5e74-4265-93da-d1bf7ce043fa','div name 1','e3s',12,'27757873-ed40-49f7-947b-48b432a1b062'),('e6af28f3-c12e-4202-bc4a-883895db0c4d','Matara','8',10,'455cd89e-269b-4b69-96ce-8d7c7bf44ac2'),('ea950ed0-525a-4f6e-bb7a-478e36983d90','Hambantota','9',10,'455cd89e-269b-4b69-96ce-8d7c7bf44ac2'),('efcd8649-0591-4fec-90dd-cb61d3aeb36b','div name 1','e3s',12,'c59b899a-90b5-45f5-97a1-1ddfaa7366d7'),('f04e4732-83c3-4444-a706-78b3928afd33','Island-wide','00A',1,'7404a229-6274-43d0-b3c5-740c3c2e1256'),('f0cbfece-4c96-44ac-b493-f10a45753229','Kegalle','22',12,'455cd89e-269b-4b69-96ce-8d7c7bf44ac2'),('f0e56be1-5769-4b8a-a7e8-9bd4ba448b46','div name 1','d3',20,'c59b899a-90b5-45f5-97a1-1ddfaa7366d7'),('f15ae97b-8e95-4f38-93d9-fb97fabdcf22','Kandy','4',15,'455cd89e-269b-4b69-96ce-8d7c7bf44ac2');

/*Table structure for table `DIVISION_CONFIG_DATA` */

DROP TABLE IF EXISTS `DIVISION_CONFIG_DATA`;

CREATE TABLE `DIVISION_CONFIG_DATA` (
  `ELECTION_ID` varchar(36) COLLATE utf8mb4_unicode_ci NOT NULL,
  `DIVISION_CONFIG_ID` varchar(36) COLLATE utf8mb4_unicode_ci NOT NULL,
  `SELECT_FLAG` tinyint(1) DEFAULT NULL,
  PRIMARY KEY (`ELECTION_ID`,`DIVISION_CONFIG_ID`),
  KEY `DIVISION_CONFIG_ID` (`DIVISION_CONFIG_ID`),
  CONSTRAINT `DIVISION_CONFIG_DATA_ibfk_1` FOREIGN KEY (`ELECTION_ID`) REFERENCES `ELECTION` (`id`) ON DELETE RESTRICT ON UPDATE CASCADE,
  CONSTRAINT `DIVISION_CONFIG_DATA_ibfk_2` FOREIGN KEY (`DIVISION_CONFIG_ID`) REFERENCES `DIVISION_CONFIG` (`id`) ON DELETE RESTRICT ON UPDATE CASCADE
) ENGINE=InnoDB DEFAULT CHARSET=utf8mb4 COLLATE=utf8mb4_unicode_ci;

/*Data for the table `DIVISION_CONFIG_DATA` */

insert  into `DIVISION_CONFIG_DATA`(`ELECTION_ID`,`DIVISION_CONFIG_ID`,`SELECT_FLAG`) values ('43680f3e-97ac-4257-b27a-5f3b452da2e6','16ab500d-31b1-4176-bfa3-42e766e9d691',1),('43680f3e-97ac-4257-b27a-5f3b452da2e6','1a29913e-3bc4-4a48-a35e-88f8a874e623',1);

/*Table structure for table `ELECTION` */

DROP TABLE IF EXISTS `ELECTION`;

CREATE TABLE `ELECTION` (
  `ID` varchar(36) COLLATE utf8mb4_unicode_ci NOT NULL,
  `NAME` varchar(100) COLLATE utf8mb4_unicode_ci NOT NULL,
  `CREATED_BY` varchar(50) COLLATE utf8mb4_unicode_ci DEFAULT NULL,
  `CREATED_AT` bigint(20) DEFAULT NULL,
  `UPDATED_AT` bigint(20) DEFAULT NULL,
  `MODULE_ID` varchar(36) COLLATE utf8mb4_unicode_ci DEFAULT NULL,
  PRIMARY KEY (`ID`),
  KEY `MODULE_ID` (`MODULE_ID`),
  CONSTRAINT `ELECTION_ibfk_1` FOREIGN KEY (`MODULE_ID`) REFERENCES `ELECTION_MODULE` (`id`) ON DELETE RESTRICT ON UPDATE CASCADE
) ENGINE=InnoDB DEFAULT CHARSET=utf8mb4 COLLATE=utf8mb4_unicode_ci;

/*Data for the table `ELECTION` */

insert  into `ELECTION`(`ID`,`NAME`,`CREATED_BY`,`CREATED_AT`,`UPDATED_AT`,`MODULE_ID`) values ('0186cb31-6c51-4c7a-9774-2d8c3bf8073e','parlimatory 2022','1550342328',1550342328,1550342328,'27757873-ed40-49f7-947b-48b432a1b062'),('036286eb-6bd1-4708-96c0-1fa3f230d52e','test3','admin',234234,234344,'27757873-ed40-49f7-947b-48b432a1b062'),('0c7f7aaf-c014-4e15-8e55-a08ca407925a','parlimatory 2021','1550342328',1550342328,1550342328,'27757873-ed40-49f7-947b-48b432a1b062'),('0d1e862f-c5e4-4638-a6a6-f98970d569ee','ads','admin',1554206415000,234344,'7404a229-6274-43d0-b3c5-740c3c2e1256'),('0daeed96-d1ca-4054-be25-9342b670c7b6','ds','admin',234234,234344,'27757873-ed40-49f7-947b-48b432a1b062'),('0e479759-ead8-47c8-a319-248b0e7a487f','provincial 2019 election ','admin',234234,234344,'27757873-ed40-49f7-947b-48b432a1b062'),('114a15c7-22d1-4dfb-bd62-14ab6b035031','test','234234',234234,234234,'7404a229-6274-43d0-b3c5-740c3c2e1256'),('114b132e-a5c2-4aae-8bd2-021989f6c0d7','test2','234234',234234,234234,'27757873-ed40-49f7-947b-48b432a1b062'),('12ce2ca3-eee8-4449-9e4e-220595aaa6d2','dfg','234234',234234,234234,'27757873-ed40-49f7-947b-48b432a1b062'),('160fc297-e3c7-4c9a-b34d-91d9d512d882','Provincial Council 2019  ','admin',1553709134000,234344,'27757873-ed40-49f7-947b-48b432a1b062'),('1651b201-153e-49f1-9ab0-47c66bb9c87b','sdfd','234234',234234,234234,'27757873-ed40-49f7-947b-48b432a1b062'),('169dea51-fcdc-4633-b781-d729fabe25df','test','234234',234234,234234,'7404a229-6274-43d0-b3c5-740c3c2e1256'),('1e0efbaf-574a-4d58-9752-4cf364badb4c','test2','234234',234234,234234,'27757873-ed40-49f7-947b-48b432a1b062'),('21efcc78-95c3-4bbd-ad7b-730ec7a10c15','','admin',1554262584000,234344,'7404a229-6274-43d0-b3c5-740c3c2e1256'),('2573152b-3b93-4cbd-9a61-5fb0288454f4','ert','admin',234234,234344,'27757873-ed40-49f7-947b-48b432a1b062'),('293d67ea-5898-436d-90d9-27177387be6a','Provincial Election 2019','admin-user-1',1546713528,1546713528,'27757873-ed40-49f7-947b-48b432a1b062'),('2b020d62-7ccd-4a93-83e3-adda4bcc1046','hgj','admin',234234,234344,'7404a229-6274-43d0-b3c5-740c3c2e1256'),('2b24c822-6156-43c0-ab09-bdd3f4ab963f','parlimatory 2021','1550342328',1550342328,1550342328,'27757873-ed40-49f7-947b-48b432a1b062'),('2bf7ca7d-9e4a-456e-87e7-acbeb5c5bce6','trhn','admin',234234,234344,'7404a229-6274-43d0-b3c5-740c3c2e1256'),('2d06c0c3-1e7e-4108-9371-24de9a08206b','Provincial Council 2020 ','admin',1554104448000,234344,'27757873-ed40-49f7-947b-48b432a1b062'),('2d1eda22-9e0d-4548-8ee4-f43eee5aeebe','parlimatory 2021','1550342328',1550342328,1550342328,'27757873-ed40-49f7-947b-48b432a1b062'),('35ded041-f0eb-43e7-bc60-d114cd9d27f6','parlimatory 2021','1550342328',1550342328,1550342328,'27757873-ed40-49f7-947b-48b432a1b062'),('3d6e8514-53a0-43a0-be44-90b159a81c65','parlimatory 2019','1550342328',1550342328,1550342328,'27757873-ed40-49f7-947b-48b432a1b062'),('3ec4ab59-6c40-4a43-8c47-879b072fb8c9','testt','234234',234234,234234,'7404a229-6274-43d0-b3c5-740c3c2e1256'),('3fc0dc24-5b7c-4540-ad7f-3bf48ce329f6','ert','admin',234234,234344,'27757873-ed40-49f7-947b-48b432a1b062'),('41784813-3501-46bb-9c25-884c44332ffc','test','234234',234234,234234,'27757873-ed40-49f7-947b-48b432a1b062'),('43680f3e-97ac-4257-b27a-5f3b452da2e6','Parliamentary Election 2019','admin-user-1',1546713528,1546713528,'455cd89e-269b-4b69-96ce-8d7c7bf44ac2'),('455439aa-6fbe-4cb9-be77-2693705ae641','parlimatory 2021','1550342328',1550342328,1550342328,'27757873-ed40-49f7-947b-48b432a1b062'),('4781c740-71e3-42d6-8e21-4bf6b33e6391','test','234234',234234,234234,'27757873-ed40-49f7-947b-48b432a1b062'),('4bfd4fb1-e08f-4667-88de-c5ec8f64b27f','testing','234234',234234,234234,'7404a229-6274-43d0-b3c5-740c3c2e1256'),('5194eef5-71e7-4cdd-9399-f69e8cd97202','testing','234234',234234,234234,'27757873-ed40-49f7-947b-48b432a1b062'),('52bc16e2-be99-4f30-89b0-dc98a0cea428','Provincial Council 2019 ','admin',1553593448000,234344,'27757873-ed40-49f7-947b-48b432a1b062'),('560d6ac1-2364-4f46-8b0b-1e6743ad532c','as','admin',1554205517000,234344,'27757873-ed40-49f7-947b-48b432a1b062'),('5b98d1cf-2dac-4abd-8477-efc2f0c787bb','Provincial Election2019 ','admin',1553590742000,234344,'27757873-ed40-49f7-947b-48b432a1b062'),('5e44a183-3b0e-428c-b3f1-4580ce4a84c7','parlimatory 2021','1550342328',1550342328,1550342328,'27757873-ed40-49f7-947b-48b432a1b062'),('620b6eef-06a4-46be-82fd-fadcfd3dfc46','test','234234',234234,234234,'7404a229-6274-43d0-b3c5-740c3c2e1256'),('632b6a46-4d0c-4fe6-bfee-a5d299ec2f38','parlimatory 2021','1550342328',1550342328,1550342328,'27757873-ed40-49f7-947b-48b432a1b062'),('6353e875-f2dc-4e06-b345-07766264f243','test','234234',234234,234234,'7404a229-6274-43d0-b3c5-740c3c2e1256'),('65702966-6514-4eb4-884e-237b25d9f443','hgj','admin',234234,234344,'7404a229-6274-43d0-b3c5-740c3c2e1256'),('66980967-1101-4b31-adbc-4ec27db1c678','test','admin',1554206320000,234344,'27757873-ed40-49f7-947b-48b432a1b062'),('678eb42f-c8e4-487f-b92b-40ae009c19bf','test2019','234234',234234,234234,'455cd89e-269b-4b69-96ce-8d7c7bf44ac2'),('6b825b9f-fb23-4f79-9420-a7dd6f108950','sd','admin',1554206206000,234344,'27757873-ed40-49f7-947b-48b432a1b062'),('6e0a3e29-8741-49bc-868c-8df6c37159d9','trhn','admin',234234,234344,'7404a229-6274-43d0-b3c5-740c3c2e1256'),('6e3771eb-a855-4778-8319-b12b633f1f6c','sdf','234234',234234,234234,'7404a229-6274-43d0-b3c5-740c3c2e1256'),('6f7dfcff-d1d4-482f-b976-202523961ff3','Provincial Council 2019','admin',1553689078000,234344,'27757873-ed40-49f7-947b-48b432a1b062'),('72bfd0b9-7c4c-4fda-a9a1-a41629cd27e6','testt','234234',234234,234234,'27757873-ed40-49f7-947b-48b432a1b062'),('78999542-9eb6-4ca2-8481-117d3e2c51f3','test','234234',234234,234234,'7404a229-6274-43d0-b3c5-740c3c2e1256'),('790da71e-e499-4bfb-9293-97f3f95a0093','parlimatory 2020','1550342328',1550342328,1550342328,'27757873-ed40-49f7-947b-48b432a1b062'),('798da645-d1a9-4de4-aac6-352d25e06020','ee','234234',234234,234234,'7404a229-6274-43d0-b3c5-740c3c2e1256'),('799f114c-35b4-4423-a1c7-0257bf0c8fac','ee','234234',234234,234234,'7404a229-6274-43d0-b3c5-740c3c2e1256'),('7be4ae4f-444f-4ffb-a063-29e46d2bc72a','ewr','234234',234234,234234,'7404a229-6274-43d0-b3c5-740c3c2e1256'),('80666ce0-a72c-42f0-b692-583019876912','dsf','234234',234234,234234,'27757873-ed40-49f7-947b-48b432a1b062'),('82686d15-d35a-4844-8de8-b641cd727512','parlimatory 2021','1550342328',1550342328,1550342328,'27757873-ed40-49f7-947b-48b432a1b062'),('85f81a42-0888-45cd-8e47-fc024413cc56','test','234234',234234,234234,'7404a229-6274-43d0-b3c5-740c3c2e1256'),('88b1ca49-d6cc-479e-88d4-093783e506df','test parliment','234234',234234,234234,'455cd89e-269b-4b69-96ce-8d7c7bf44ac2'),('94e7fed0-01ab-4cc2-8499-8eccbc9ff8a9','Parliamentary Election 2019 ','admin',1553587006000,234344,'455cd89e-269b-4b69-96ce-8d7c7bf44ac2'),('9af6d441-012e-4fad-8012-634e045a30c1','ASDF','admin',1553578391000,234344,'27757873-ed40-49f7-947b-48b432a1b062'),('9b85a650-709e-4cdc-83e1-ba4a2ad97cbc','Presidential Election 2020','admin-user-1',1546713528,1546713528,'7404a229-6274-43d0-b3c5-740c3c2e1256'),('9e608e12-1324-4852-8370-0549a2078983','test4','234234',234234,234234,'27757873-ed40-49f7-947b-48b432a1b062'),('a56f11f5-f4b9-4ab5-9202-ea394d44637c','parlimatory 2021','1550342328',1550342328,1550342328,'27757873-ed40-49f7-947b-48b432a1b062'),('a6025649-2c45-47f3-bf7e-b2d8a49f9a64','ParliamentaryElection2019 ','admin',1553589511000,234344,'455cd89e-269b-4b69-96ce-8d7c7bf44ac2'),('a8b4f244-d1bc-418b-bd63-c3f699749d81','test321','234234',234234,234234,'7404a229-6274-43d0-b3c5-740c3c2e1256'),('aad9d8b5-a9e0-4ff4-91da-3a14f43ba84c','dfgrtsr','admin',234234,234344,'7404a229-6274-43d0-b3c5-740c3c2e1256'),('ab037fff-3875-439c-b923-327bf307bffe','ELECTION2019','admin',NULL,234344,'27757873-ed40-49f7-947b-48b432a1b062'),('ae70bc9b-f254-4848-9e15-e4a3d827fe82','trhn','admin',234234,234344,'7404a229-6274-43d0-b3c5-740c3c2e1256'),('b2366f32-ae51-4254-a1bf-9825ba1f2e97','tests','234234',234234,234234,'27757873-ed40-49f7-947b-48b432a1b062'),('b26cf8d3-8bec-4af4-ad0a-72ba0c254d8f','test','234234',234234,234234,'7404a229-6274-43d0-b3c5-740c3c2e1256'),('b42cc2ba-199d-4889-88d3-77090f57cdba','ds','admin',1554264463000,234344,'27757873-ed40-49f7-947b-48b432a1b062'),('bd7d90c8-9637-403f-bd45-74674081ef88','dsa','234234',234234,234234,'27757873-ed40-49f7-947b-48b432a1b062'),('c0801bfc-174d-47ed-9456-0488e54d114c','test 22','234234',234234,234234,'27757873-ed40-49f7-947b-48b432a1b062'),('c3e1c4a1-d5f9-415a-b58c-3d84dce68f80','trhn','admin',234234,234344,'7404a229-6274-43d0-b3c5-740c3c2e1256'),('c449b537-8598-4fe3-b5d7-29133de7379f','er','admin',1554107646000,234344,'27757873-ed40-49f7-947b-48b432a1b062'),('c657210b-b5e4-4e97-b665-9179d71848cf','Provinsial Council 2019 Election','admin',1554264785000,234344,'27757873-ed40-49f7-947b-48b432a1b062'),('c72f672b-9a7b-4e02-87b6-d636dbe251f5','ss','admin',234234,234344,'7404a229-6274-43d0-b3c5-740c3c2e1256'),('c8c1367f-c2e5-4c46-95c6-519f0592a14c','parlimatory 2021','1550342328',1550342328,1550342328,'27757873-ed40-49f7-947b-48b432a1b062'),('cab3cf39-7e72-4151-8d9b-24e0ff026e6c','sa','admin',1553709028000,234344,'27757873-ed40-49f7-947b-48b432a1b062'),('cbbda9d8-942d-4096-9123-73f392ce0c9c','ert','admin',234234,234344,'27757873-ed40-49f7-947b-48b432a1b062'),('cbcdd095-f4b9-46e2-8fbe-0b11841229b2','sef','234234',234234,234234,'7404a229-6274-43d0-b3c5-740c3c2e1256'),('cd504c88-2d57-4ca5-9a5b-ef15325b7789','aa','admin',1554264848000,234344,'27757873-ed40-49f7-947b-48b432a1b062'),('cde6e8f7-dd59-4e04-9b0f-190ab8aec5d2','ds','234234',234234,234234,'7404a229-6274-43d0-b3c5-740c3c2e1256'),('cf2ef67f-7742-401d-9470-9082c05bbe16','ss','admin',234234,234344,'7404a229-6274-43d0-b3c5-740c3c2e1256'),('d3ff7aaf-ab42-46ff-8b76-bcef305a4aa4','hgj','admin',234234,234344,'7404a229-6274-43d0-b3c5-740c3c2e1256'),('d509b1cf-fd55-4916-b3bd-719adcdded76','e','234234',234234,234234,'7404a229-6274-43d0-b3c5-740c3c2e1256'),('d5da67ce-2d37-452c-b3b7-2b6755a7bba9','testing1','234234',234234,234234,'7404a229-6274-43d0-b3c5-740c3c2e1256'),('d6311d23-6896-44a4-9386-97c1e9689925','ELECT 2019','admin',234234,234344,'455cd89e-269b-4b69-96ce-8d7c7bf44ac2'),('d72c7544-734d-41b3-8ef6-74e805fb9ec6','provisial2019','admin',234234,234344,'27757873-ed40-49f7-947b-48b432a1b062'),('d9590217-a09b-4d81-8d00-42b3de1e75ff','parlimatory 2021','1550342328',1550342328,1550342328,'27757873-ed40-49f7-947b-48b432a1b062'),('dbc2dc77-b1c1-49f8-b627-5db34e30af62','test','234234',234234,234234,'7404a229-6274-43d0-b3c5-740c3c2e1256'),('df7bbbb6-b11c-46ac-a22f-9bb5015ec4f1','test5','234234',234234,234234,'7404a229-6274-43d0-b3c5-740c3c2e1256'),('dfb9cbf4-b562-439f-a399-d2ff4426c717','el','234234',234234,234234,'27757873-ed40-49f7-947b-48b432a1b062'),('e2fd4a6c-1e82-4795-9fee-a25510e9518d','sdf','234234',234234,234234,'7404a229-6274-43d0-b3c5-740c3c2e1256'),('ebf7adb1-a427-46af-87a8-f66b64822aa1','parlimatory 2021','1550342328',1550342328,1550342328,'27757873-ed40-49f7-947b-48b432a1b062'),('ed06b636-817c-4cf7-8a93-be5255dd6be2','ds','admin',234234,234344,'27757873-ed40-49f7-947b-48b432a1b062'),('edc6a323-684c-4119-8af1-f31eca3964d9','ss','admin',234234,234344,'7404a229-6274-43d0-b3c5-740c3c2e1256'),('efcb9e7c-1eb4-4798-881a-c8b4b32b49da','parlimatory 2021','1550342328',1550342328,1550342328,'27757873-ed40-49f7-947b-48b432a1b062'),('f5b4b815-c19c-4dc7-8990-51144445297f','test3','admin',234234,234344,'27757873-ed40-49f7-947b-48b432a1b062'),('f74a6331-b197-4c3d-85b1-cfb794cc99ed','ert','admin',234234,234344,'27757873-ed40-49f7-947b-48b432a1b062'),('f825c9a1-db74-4bc8-8eb0-19fe1b81f5c1','trhn','admin',234234,234344,'7404a229-6274-43d0-b3c5-740c3c2e1256'),('fde6ce39-65c8-45af-94d6-538f48378842','ppp','admin',234234,234344,'27757873-ed40-49f7-947b-48b432a1b062'),('fe2f55fb-09f2-4605-b073-722562bb0d0b','test5','admin',234234,234344,'7404a229-6274-43d0-b3c5-740c3c2e1256');

/*Table structure for table `ELECTION_APPROVAL` */

DROP TABLE IF EXISTS `ELECTION_APPROVAL`;

CREATE TABLE `ELECTION_APPROVAL` (
  `ID` varchar(36) COLLATE utf8mb4_unicode_ci NOT NULL,
  `STATUS` enum('PENDING','APPROVE','REJECT') COLLATE utf8mb4_unicode_ci DEFAULT NULL,
  `APPROVED_BY` varchar(50) COLLATE utf8mb4_unicode_ci DEFAULT NULL,
  `APPROVED_AT` bigint(20) DEFAULT NULL,
  `UPDATED_AT` bigint(20) DEFAULT NULL,
  `ELECTION_ID` varchar(36) COLLATE utf8mb4_unicode_ci DEFAULT NULL,
  PRIMARY KEY (`ID`),
  KEY `ELECTION_ID` (`ELECTION_ID`),
  CONSTRAINT `ELECTION_APPROVAL_ibfk_1` FOREIGN KEY (`ELECTION_ID`) REFERENCES `ELECTION` (`id`) ON DELETE RESTRICT ON UPDATE CASCADE
) ENGINE=InnoDB DEFAULT CHARSET=utf8mb4 COLLATE=utf8mb4_unicode_ci;

/*Data for the table `ELECTION_APPROVAL` */

insert  into `ELECTION_APPROVAL`(`ID`,`STATUS`,`APPROVED_BY`,`APPROVED_AT`,`UPDATED_AT`,`ELECTION_ID`) values ('0dabea06-2630-4cfe-8614-0a147fe383ed','PENDING','admin',1554264785000,234344,'c657210b-b5e4-4e97-b665-9179d71848cf'),('1','APPROVE','admin-user-1',NULL,NULL,'293d67ea-5898-436d-90d9-27177387be6a'),('2','REJECT','admin',1546713528,1554193781000,'52bc16e2-be99-4f30-89b0-dc98a0cea428'),('382ae50e-b204-4d1a-8120-b166f8f52733','PENDING','admin',1554104448000,234344,'2d06c0c3-1e7e-4108-9371-24de9a08206b'),('43242b3b-ff26-483e-8f8b-a62742882c44','APPROVE','admin-user-1',1546713528,1546713528,'9b85a650-709e-4cdc-83e1-ba4a2ad97cbc'),('520d60d5-6f16-47be-b938-8497aafa415f','APPROVE','admin-user-1',1546713528,1546713528,'43680f3e-97ac-4257-b27a-5f3b452da2e6'),('6a66258c-e11e-4ee2-ae24-fa9380236163','PENDING','admin',1554264463000,234344,'b42cc2ba-199d-4889-88d3-77090f57cdba'),('6d137a41-a379-4c89-ba78-f707569ff942','PENDING','admin',1553709028000,234344,'cab3cf39-7e72-4151-8d9b-24e0ff026e6c'),('b178b858-6305-4b94-ba44-d8975e3ff5b8','PENDING','admin',1554206415000,234344,'0d1e862f-c5e4-4638-a6a6-f98970d569ee'),('bc857c62-c489-4d68-bee2-4f7dcd3b1e1f','PENDING','admin',1554206320000,234344,'66980967-1101-4b31-adbc-4ec27db1c678'),('c000ddfb-3fd9-4727-935f-48d92354db95','PENDING','admin',1554262584000,234344,'21efcc78-95c3-4bbd-ad7b-730ec7a10c15'),('c43db8cb-c102-4ebb-8261-d779f22273f3','PENDING','admin',1554264848000,234344,'cd504c88-2d57-4ca5-9a5b-ef15325b7789'),('c45995a5-a7c5-4e01-9ae8-f6ed4aaa448f','PENDING','admin',1554206206000,234344,'6b825b9f-fb23-4f79-9420-a7dd6f108950'),('c4f3dfd0-e73d-4b49-bc06-386d9967bb39','APPROVE','admin-user-1',1546713528,1546713528,'293d67ea-5898-436d-90d9-27177387be6a'),('e996d200-593e-4f30-b6f7-36af52039c70','APPROVE','admin',1553709134000,1553836799000,'160fc297-e3c7-4c9a-b34d-91d9d512d882'),('ec4d9b99-687f-4d4a-a0f8-fa7ca717ad33','PENDING','admin',1554205517000,234344,'560d6ac1-2364-4f46-8b0b-1e6743ad532c'),('f9470dde-bed9-4587-bdfb-536748be3829','PENDING','admin',1554107646000,234344,'c449b537-8598-4fe3-b5d7-29133de7379f');

/*Table structure for table `ELECTION_CONFIG` */

DROP TABLE IF EXISTS `ELECTION_CONFIG`;

CREATE TABLE `ELECTION_CONFIG` (
  `ID` varchar(36) COLLATE utf8mb4_unicode_ci NOT NULL,
  `KEY_NAME` varchar(50) COLLATE utf8mb4_unicode_ci DEFAULT NULL,
  `DESCRIPTION` varchar(100) COLLATE utf8mb4_unicode_ci DEFAULT NULL,
  PRIMARY KEY (`ID`)
) ENGINE=InnoDB DEFAULT CHARSET=utf8mb4 COLLATE=utf8mb4_unicode_ci;

/*Data for the table `ELECTION_CONFIG` */

insert  into `ELECTION_CONFIG`(`ID`,`KEY_NAME`,`DESCRIPTION`) values ('1','candidate payment','payment pert candidate'),('2','weightageVoteBased','weightage vote'),('3','weightagePrefarenceBased','weightage prefarence');

/*Table structure for table `ELECTION_CONFIG_DATA` */

DROP TABLE IF EXISTS `ELECTION_CONFIG_DATA`;

CREATE TABLE `ELECTION_CONFIG_DATA` (
  `ID` varchar(36) COLLATE utf8mb4_unicode_ci NOT NULL,
  `VALUE` varchar(100) COLLATE utf8mb4_unicode_ci NOT NULL,
  `ELECTION_CONFIG_ID` varchar(36) CHARACTER SET utf8mb4 COLLATE utf8mb4_unicode_ci DEFAULT NULL,
  `ELECTION_ID` varchar(36) CHARACTER SET utf8mb4 COLLATE utf8mb4_unicode_ci DEFAULT NULL,
  PRIMARY KEY (`ID`),
  KEY `ELECTION_CONFIG_ID` (`ELECTION_CONFIG_ID`),
  KEY `ELECTION_ID` (`ELECTION_ID`),
  CONSTRAINT `ELECTION_CONFIG_DATA_ibfk_1` FOREIGN KEY (`ELECTION_CONFIG_ID`) REFERENCES `ELECTION_CONFIG` (`id`) ON DELETE RESTRICT ON UPDATE CASCADE,
  CONSTRAINT `ELECTION_CONFIG_DATA_ibfk_2` FOREIGN KEY (`ELECTION_ID`) REFERENCES `ELECTION` (`id`) ON DELETE RESTRICT ON UPDATE CASCADE
) ENGINE=InnoDB DEFAULT CHARSET=utf8mb4 COLLATE=utf8mb4_unicode_ci;

/*Data for the table `ELECTION_CONFIG_DATA` */

insert  into `ELECTION_CONFIG_DATA`(`ID`,`VALUE`,`ELECTION_CONFIG_ID`,`ELECTION_ID`) values ('151a2687-e674-4464-9839-b68da5e29e60','25','2','0186cb31-6c51-4c7a-9774-2d8c3bf8073e'),('a6e6b723-02a0-41a8-a0a6-070bb38df52d','550','1','b2366f32-ae51-4254-a1bf-9825ba1f2e97'),('a99b2e03-5027-46bc-ba2f-2139859aa433','2000','1','5194eef5-71e7-4cdd-9399-f69e8cd97202'),('ad33d132-485a-4304-af0e-1b66315c8925','75','3','0186cb31-6c51-4c7a-9774-2d8c3bf8073e'),('cf21f3fa-cff3-4877-a326-b1973fc67262','1500','1','160fc297-e3c7-4c9a-b34d-91d9d512d882'),('e3d0d0e0-b416-4c65-94c7-f882020e9525','75','3','160fc297-e3c7-4c9a-b34d-91d9d512d882'),('e98e15d9-c3d1-4009-af51-58f236189878','25','2','160fc297-e3c7-4c9a-b34d-91d9d512d882');

/*Table structure for table `ELECTION_MODULE` */

DROP TABLE IF EXISTS `ELECTION_MODULE`;

CREATE TABLE `ELECTION_MODULE` (
  `ID` varchar(36) COLLATE utf8mb4_unicode_ci NOT NULL,
  `NAME` varchar(100) COLLATE utf8mb4_unicode_ci NOT NULL,
  `DIVISION_COMMON_NAME` varchar(20) COLLATE utf8mb4_unicode_ci DEFAULT NULL,
  `CREATED_BY` varchar(50) COLLATE utf8mb4_unicode_ci DEFAULT NULL,
  `CREATED_AT` bigint(20) DEFAULT NULL,
  `UPDATED_AT` bigint(20) DEFAULT NULL,
  PRIMARY KEY (`ID`)
) ENGINE=InnoDB DEFAULT CHARSET=utf8mb4 COLLATE=utf8mb4_unicode_ci;

/*Data for the table `ELECTION_MODULE` */

insert  into `ELECTION_MODULE`(`ID`,`NAME`,`DIVISION_COMMON_NAME`,`CREATED_BY`,`CREATED_AT`,`UPDATED_AT`) values ('0ef56c85-1b58-4996-976c-a0484d48ef80','Provincial Council','Provinsi88al','admin',234234,234344),('27757873-ed40-49f7-947b-48b432a1b062','Provincial Council','Provinsi88al','admin-user-1',1546713528,234344),('455cd89e-269b-4b69-96ce-8d7c7bf44ac2','Parliamentary','DISTRICT','admin-user-1',1546713528,1546713528),('7404a229-6274-43d0-b3c5-740c3c2e1256','Presidential','ALL','admin-user-1',1546713528,1546713528),('a7d6a31e-bccc-400b-931e-72e9bc859cf9','Provincial Council','Provinsi88al','admin',234234,234344),('c10a9037-773e-41bb-a219-c70722545a0d','Provincial Council','Provinsi88al','admin',234234,234344),('c59b899a-90b5-45f5-97a1-1ddfaa7366d7','Provincial Council','Provinsi88al','admin',234234,234344);

/*Table structure for table `ELECTION_MODULE_APPROVAL` */

DROP TABLE IF EXISTS `ELECTION_MODULE_APPROVAL`;

CREATE TABLE `ELECTION_MODULE_APPROVAL` (
  `ID` varchar(36) COLLATE utf8mb4_unicode_ci NOT NULL,
  `STATUS` enum('PENDING','APPROVE','REJECT') COLLATE utf8mb4_unicode_ci DEFAULT NULL,
  `APPROVED_BY` varchar(50) COLLATE utf8mb4_unicode_ci DEFAULT NULL,
  `APPROVED_AT` bigint(20) DEFAULT NULL,
  `UPDATED_AT` bigint(20) DEFAULT NULL,
  `MODULE_ID` varchar(36) COLLATE utf8mb4_unicode_ci DEFAULT NULL,
  PRIMARY KEY (`ID`),
  KEY `MODULE_ID` (`MODULE_ID`),
  CONSTRAINT `ELECTION_MODULE_APPROVAL_ibfk_1` FOREIGN KEY (`MODULE_ID`) REFERENCES `ELECTION_MODULE` (`id`) ON DELETE RESTRICT ON UPDATE CASCADE
) ENGINE=InnoDB DEFAULT CHARSET=utf8mb4 COLLATE=utf8mb4_unicode_ci;

/*Data for the table `ELECTION_MODULE_APPROVAL` */

insert  into `ELECTION_MODULE_APPROVAL`(`ID`,`STATUS`,`APPROVED_BY`,`APPROVED_AT`,`UPDATED_AT`,`MODULE_ID`) values ('27e4bf42-927b-4c88-8ae0-825741ddda4e','APPROVE','admin-user-2',1546713528,1546713528,'7404a229-6274-43d0-b3c5-740c3c2e1256'),('354ee027-093b-412d-becc-be9b354eddcc','APPROVE','admin-user-2',1546713528,1546713528,'27757873-ed40-49f7-947b-48b432a1b062'),('77baf5c9-7fb7-424d-ab07-9fff2dfa9f2c','APPROVE','admin-user-2',1546713528,1546713528,'455cd89e-269b-4b69-96ce-8d7c7bf44ac2');

/*Table structure for table `ELECTION_MODULE_CONFIG` */

DROP TABLE IF EXISTS `ELECTION_MODULE_CONFIG`;

CREATE TABLE `ELECTION_MODULE_CONFIG` (
  `ID` varchar(36) COLLATE utf8mb4_unicode_ci NOT NULL,
  `KEY_NAME` varchar(50) COLLATE utf8mb4_unicode_ci DEFAULT NULL,
  `DESCRIPTION` varchar(100) COLLATE utf8mb4_unicode_ci DEFAULT NULL,
  PRIMARY KEY (`ID`)
) ENGINE=InnoDB DEFAULT CHARSET=utf8mb4 COLLATE=utf8mb4_unicode_ci;

/*Data for the table `ELECTION_MODULE_CONFIG` */

insert  into `ELECTION_MODULE_CONFIG`(`ID`,`KEY_NAME`,`DESCRIPTION`) values ('123213','candidate payment','candidate payment amount'),('1243123','nomination submission by',NULL),('15990459-2ea4-413f-b1f7-29a138fd7a97','cal type',NULL),('234433','weightagePrefarenceBased',NULL),('2353453','authority',NULL),('324324','weightageVoteBased',NULL),('fe2c2d7e-66de-406a-b887-1143023f8e72','pay allowed',NULL),('ff4c6768-bdbe-4a16-b680-5fecb6b1f747','test',NULL);

/*Table structure for table `ELECTION_MODULE_CONFIG_DATA` */

DROP TABLE IF EXISTS `ELECTION_MODULE_CONFIG_DATA`;

CREATE TABLE `ELECTION_MODULE_CONFIG_DATA` (
  `ID` varchar(36) COLLATE utf8mb4_unicode_ci NOT NULL,
  `VALUE` varchar(100) CHARACTER SET utf8mb4 COLLATE utf8mb4_unicode_ci DEFAULT NULL,
  `ELECTION_MODULE_CONFIG_ID` varchar(36) COLLATE utf8mb4_unicode_ci NOT NULL,
  `MODULE_ID` varchar(36) COLLATE utf8mb4_unicode_ci NOT NULL,
  PRIMARY KEY (`ID`),
  KEY `MODULE_ID` (`MODULE_ID`),
  KEY `ELECTION_MODULE_CONFIG_ID` (`ELECTION_MODULE_CONFIG_ID`),
  CONSTRAINT `ELECTION_MODULE_CONFIG_DATA_ibfk_1` FOREIGN KEY (`MODULE_ID`) REFERENCES `ELECTION_MODULE` (`id`) ON DELETE RESTRICT ON UPDATE CASCADE,
  CONSTRAINT `ELECTION_MODULE_CONFIG_DATA_ibfk_2` FOREIGN KEY (`ELECTION_MODULE_CONFIG_ID`) REFERENCES `ELECTION_MODULE_CONFIG` (`id`) ON DELETE RESTRICT ON UPDATE CASCADE
) ENGINE=InnoDB DEFAULT CHARSET=utf8mb4 COLLATE=utf8mb4_unicode_ci;

/*Data for the table `ELECTION_MODULE_CONFIG_DATA` */

insert  into `ELECTION_MODULE_CONFIG_DATA`(`ID`,`VALUE`,`ELECTION_MODULE_CONFIG_ID`,`MODULE_ID`) values ('1231223','500','123213','27757873-ed40-49f7-947b-48b432a1b062'),('12342141','Party Leader / IG Leader','1243123','27757873-ed40-49f7-947b-48b432a1b062'),('1face747-bcb0-48cc-b6fa-67fa5e68e37b','allowed','ff4c6768-bdbe-4a16-b680-5fecb6b1f747','c10a9037-773e-41bb-a219-c70722545a0d'),('23512354234','Director General, Election Commission','2353453','27757873-ed40-49f7-947b-48b432a1b062'),('29792729-762a-4b39-8e73-286bf85de973','allowed','fe2c2d7e-66de-406a-b887-1143023f8e72','c59b899a-90b5-45f5-97a1-1ddfaa7366d7'),('2df49c26-2928-4817-a5e8-f1a06ae2d5d1','Vote & preferential basis','15990459-2ea4-413f-b1f7-29a138fd7a97','27757873-ed40-49f7-947b-48b432a1b062'),('2ea93971-0a30-44b1-bc9d-a360c86d7f6b','allowed','fe2c2d7e-66de-406a-b887-1143023f8e72','c10a9037-773e-41bb-a219-c70722545a0d'),('34523523','25','234433','27757873-ed40-49f7-947b-48b432a1b062'),('42da6867-8a4e-4842-a11e-43f67156710f','allowed','fe2c2d7e-66de-406a-b887-1143023f8e72','a7d6a31e-bccc-400b-931e-72e9bc859cf9'),('51329544-511f-4d99-8021-50c4db3b8190','Vote & preferential basis','15990459-2ea4-413f-b1f7-29a138fd7a97','0ef56c85-1b58-4996-976c-a0484d48ef80'),('5345435','75','324324','27757873-ed40-49f7-947b-48b432a1b062'),('5b53611e-a18c-4003-967e-a271619d2792','allowed','ff4c6768-bdbe-4a16-b680-5fecb6b1f747','c59b899a-90b5-45f5-97a1-1ddfaa7366d7'),('757c1ec5-fc67-4f01-a5dd-79c141656b41','allowed','fe2c2d7e-66de-406a-b887-1143023f8e72','0ef56c85-1b58-4996-976c-a0484d48ef80'),('7866767c-8050-424f-9fac-43e3ab79630f','Vote & preferential basis','15990459-2ea4-413f-b1f7-29a138fd7a97','c59b899a-90b5-45f5-97a1-1ddfaa7366d7'),('9561302d-cf7f-4fd1-8217-ff85e8c46165','allowed','ff4c6768-bdbe-4a16-b680-5fecb6b1f747','a7d6a31e-bccc-400b-931e-72e9bc859cf9'),('a5d77fd8-b348-471e-b1ab-074d11dcc887','Vote & preferential basis','15990459-2ea4-413f-b1f7-29a138fd7a97','a7d6a31e-bccc-400b-931e-72e9bc859cf9'),('b1edfab6-7f44-4fa6-8ef4-4ee4d3e02e24','Vote & preferential basis','15990459-2ea4-413f-b1f7-29a138fd7a97','c10a9037-773e-41bb-a219-c70722545a0d'),('c18528b7-54a6-460e-846a-896cbefe9d2f','allowed','fe2c2d7e-66de-406a-b887-1143023f8e72','27757873-ed40-49f7-947b-48b432a1b062'),('dc06786b-2d57-4e00-aa7f-b33def00a9e4','allowed','ff4c6768-bdbe-4a16-b680-5fecb6b1f747','27757873-ed40-49f7-947b-48b432a1b062'),('eb7ce243-e929-487e-b40b-06e65976c16b','allowed','ff4c6768-bdbe-4a16-b680-5fecb6b1f747','0ef56c85-1b58-4996-976c-a0484d48ef80');

/*Table structure for table `ELECTION_TEAM` */

DROP TABLE IF EXISTS `ELECTION_TEAM`;

CREATE TABLE `ELECTION_TEAM` (
  `ID` varchar(36) COLLATE utf8mb4_unicode_ci NOT NULL,
  `TEAM_ID` varchar(36) COLLATE utf8mb4_unicode_ci DEFAULT NULL,
  `ELECTION_ID` varchar(36) COLLATE utf8mb4_unicode_ci DEFAULT NULL,
  PRIMARY KEY (`ID`),
  KEY `ELECTION_ID` (`ELECTION_ID`),
  CONSTRAINT `ELECTION_TEAM_ibfk_1` FOREIGN KEY (`ELECTION_ID`) REFERENCES `ELECTION` (`id`) ON DELETE RESTRICT ON UPDATE CASCADE
) ENGINE=InnoDB DEFAULT CHARSET=utf8mb4 COLLATE=utf8mb4_unicode_ci;

/*Data for the table `ELECTION_TEAM` */

/*Table structure for table `ELECTION_TIMELINE` */

DROP TABLE IF EXISTS `ELECTION_TIMELINE`;

CREATE TABLE `ELECTION_TIMELINE` (
  `ID` varchar(36) COLLATE utf8mb4_unicode_ci NOT NULL,
  `NOMINATION_START` bigint(20) DEFAULT NULL,
  `NOMINATION_END` bigint(20) DEFAULT NULL,
  `OBJECTION_START` bigint(20) DEFAULT NULL,
  `OBJECTION_END` bigint(20) DEFAULT NULL,
  `ELECTION_ID` varchar(36) COLLATE utf8mb4_unicode_ci DEFAULT NULL,
  PRIMARY KEY (`ID`),
  KEY `ELECTION_ID` (`ELECTION_ID`),
  CONSTRAINT `ELECTION_TIMELINE_ibfk_1` FOREIGN KEY (`ELECTION_ID`) REFERENCES `ELECTION` (`id`) ON DELETE RESTRICT ON UPDATE CASCADE
) ENGINE=InnoDB DEFAULT CHARSET=utf8mb4 COLLATE=utf8mb4_unicode_ci;

/*Data for the table `ELECTION_TIMELINE` */

insert  into `ELECTION_TIMELINE`(`ID`,`NOMINATION_START`,`NOMINATION_END`,`OBJECTION_START`,`OBJECTION_END`,`ELECTION_ID`) values ('11bde6ce-6365-4dbc-a4b5-da299ca49f1c',1493614800000,1494478800000,1495342800000,1496120400000,'a6025649-2c45-47f3-bf7e-b2d8a49f9a64'),('1f985e9e-5f43-40ca-8d3d-48d92fd278d4',1494219600000,1495083600000,1495947600000,1496120400000,'2b020d62-7ccd-4a93-83e3-adda4bcc1046'),('21fddb6d-c407-4812-af99-227ebb0a0435',1493614800000,1494046800000,1495342800000,1496120400000,'2d06c0c3-1e7e-4108-9371-24de9a08206b'),('45e57a6f-5624-4a57-9fce-04cda29e5f23',1493614800000,1493874000000,1495342800000,1496206800000,'5b98d1cf-2dac-4abd-8477-efc2f0c787bb'),('4c54bd72-55c9-4856-b4ae-c41bbe48758c',1494219600000,1495083600000,1495342800000,1496120400000,'6b825b9f-fb23-4f79-9420-a7dd6f108950'),('4dd0b79f-7f94-4a6d-a92f-a1dffe20353e',1495602000000,1495602000000,1495602000000,1495602000000,'c657210b-b5e4-4e97-b665-9179d71848cf'),('555f610b-546e-46bc-87ab-2f9f9673210e',1493614800000,1493960400000,1495342800000,1496120400000,'52bc16e2-be99-4f30-89b0-dc98a0cea428'),('563308ae-52cc-416e-bc62-d5869b768055',1490331600000,1490936400000,1491282000000,1494824400000,'d6311d23-6896-44a4-9386-97c1e9689925'),('5a21af90-c012-4321-b2e2-378a6ac43c73',1495602000000,1495602000000,1495602000000,1495602000000,'c449b537-8598-4fe3-b5d7-29133de7379f'),('676e9d6e-1836-42fd-b401-546c400e4c1b',1490293800000,1490898600000,1491244200000,1494873000000,'94e7fed0-01ab-4cc2-8499-8eccbc9ff8a9'),('688189d6-9629-48de-9d7c-33ecd7ad6093',1494219600000,1494910800000,1495342800000,1496120400000,'cab3cf39-7e72-4151-8d9b-24e0ff026e6c'),('6f4ebae1-6e99-4a97-9550-e5d12a8dbbde',1493614800000,1494392400000,1495947600000,1496206800000,'560d6ac1-2364-4f46-8b0b-1e6743ad532c'),('94c34a68-96dd-454b-97f9-76bb33ea7286',1495602000000,1495602000000,1495602000000,1495602000000,'cd504c88-2d57-4ca5-9a5b-ef15325b7789'),('964ab556-7941-4604-921e-b5cd74feb107',1493614800000,1494997200000,1495947600000,1496120400000,'66980967-1101-4b31-adbc-4ec27db1c678'),('9bd56ac4-099b-45c8-9a28-83adc77a4c9c',1493614800000,1494565200000,1495342800000,1496120400000,'fde6ce39-65c8-45af-94d6-538f48378842'),('b1fcb788-cb6c-438f-b9ec-2112c958c604',1494095400000,1494700200000,1494910800000,1496120400000,'160fc297-e3c7-4c9a-b34d-91d9d512d882'),('b26ea849-7f0e-43fe-8b5e-96a57a618990',1493614800000,1494565200000,1495342800000,1496120400000,'0d1e862f-c5e4-4638-a6a6-f98970d569ee'),('bc3d20d1-b0bb-44f6-8aa6-583eae3b5e3e',1495602000000,1495602000000,1495602000000,1495602000000,'b42cc2ba-199d-4889-88d3-77090f57cdba'),('d2c2ac15-71aa-4bbd-80cf-29ad362f8693',1493610120000,1491973200000,1494738000000,1495515600000,'d72c7544-734d-41b3-8ef6-74e805fb9ec6'),('db1466d9-c6ec-47f6-b867-0462a5319c54',1490418000000,1490936400000,1491195600000,1492059600000,'ab037fff-3875-439c-b923-327bf307bffe'),('f559d4e3-4611-40af-b64c-53db344cc3ed',1493614800000,1494392400000,1495342800000,1496120400000,'6f7dfcff-d1d4-482f-b976-202523961ff3'),('f7fdae9d-4c51-4939-94bf-b97aa500c6d7',1495602000000,1495602000000,1495602000000,1495602000000,'21efcc78-95c3-4bbd-ad7b-730ec7a10c15'),('fa83e24d-9832-4e33-b29b-262c1a514b7a',1493787600000,1495083600000,1495342800000,1496120400000,'9af6d441-012e-4fad-8012-634e045a30c1');

/*Table structure for table `ELECTION_TIMELINE_CONFIG` */

DROP TABLE IF EXISTS `ELECTION_TIMELINE_CONFIG`;

CREATE TABLE `ELECTION_TIMELINE_CONFIG` (
  `ID` varchar(36) COLLATE utf8mb4_unicode_ci NOT NULL,
  `KEY_NAME` varchar(50) COLLATE utf8mb4_unicode_ci NOT NULL,
  `DESCRIPTION` varchar(100) COLLATE utf8mb4_unicode_ci DEFAULT NULL,
  PRIMARY KEY (`ID`)
) ENGINE=InnoDB DEFAULT CHARSET=utf8mb4 COLLATE=utf8mb4_unicode_ci;

/*Data for the table `ELECTION_TIMELINE_CONFIG` */

insert  into `ELECTION_TIMELINE_CONFIG`(`ID`,`KEY_NAME`,`DESCRIPTION`) values ('0f62755e-9784-4046-9804-8d4deed36f2a','nomination_start_date','Start date of Nomination in UNIX TIMESTAMP'),('64ae3e95-591a-4bf9-8a5b-10803e0eca82','objection_end_date','End date of Objection in UNIX TIMESTAMP'),('675ec08b-2937-4222-94a6-0143a94763f1','objection_start_date','Start date of Objection in UNIX TIMESTAMP'),('c06a789c-405c-4e7a-8df2-66766284589b','nomination_end_date','End date of Nomination in UNIX TIMESTAMP');

/*Table structure for table `ELECTION_TIMELINE_CONFIG_DATA` */

DROP TABLE IF EXISTS `ELECTION_TIMELINE_CONFIG_DATA`;

CREATE TABLE `ELECTION_TIMELINE_CONFIG_DATA` (
  `ID` varchar(36) COLLATE utf8mb4_unicode_ci NOT NULL,
  `ELECTION_TIMELINE_CONFIG_ID` varchar(36) CHARACTER SET utf8mb4 COLLATE utf8mb4_unicode_ci DEFAULT NULL,
  `ELECTION_ID` varchar(36) CHARACTER SET utf8mb4 COLLATE utf8mb4_unicode_ci DEFAULT NULL,
  `VALUE` bigint(20) DEFAULT NULL,
  PRIMARY KEY (`ID`),
  KEY `ELECTION_TIMELINE_CONFIG_ID` (`ELECTION_TIMELINE_CONFIG_ID`),
  KEY `ELECTION_ID` (`ELECTION_ID`),
  CONSTRAINT `ELECTION_TIMELINE_CONFIG_DATA_ibfk_1` FOREIGN KEY (`ELECTION_TIMELINE_CONFIG_ID`) REFERENCES `ELECTION_TIMELINE_CONFIG` (`id`) ON DELETE RESTRICT ON UPDATE CASCADE,
  CONSTRAINT `ELECTION_TIMELINE_CONFIG_DATA_ibfk_2` FOREIGN KEY (`ELECTION_ID`) REFERENCES `ELECTION` (`id`) ON DELETE RESTRICT ON UPDATE CASCADE
) ENGINE=InnoDB DEFAULT CHARSET=utf8mb4 COLLATE=utf8mb4_unicode_ci;

/*Data for the table `ELECTION_TIMELINE_CONFIG_DATA` */

insert  into `ELECTION_TIMELINE_CONFIG_DATA`(`ID`,`ELECTION_TIMELINE_CONFIG_ID`,`ELECTION_ID`,`VALUE`) values ('09a188fb-0990-4d4e-9b8f-acfc04778ae8','c06a789c-405c-4e7a-8df2-66766284589b','43680f3e-97ac-4257-b27a-5f3b452da2e6',333),('20a5557f-d24e-4bc3-a936-34fb56326925','c06a789c-405c-4e7a-8df2-66766284589b','0e479759-ead8-47c8-a319-248b0e7a487f',1494046800000),('319ef980-6899-4ead-9221-0566387e480c','0f62755e-9784-4046-9804-8d4deed36f2a','b2366f32-ae51-4254-a1bf-9825ba1f2e97',1493614800000),('37db1ba7-62ee-4016-969a-48a2a7ec04ac','c06a789c-405c-4e7a-8df2-66766284589b','fe2f55fb-09f2-4605-b073-722562bb0d0b',1494565200000),('3b89e67e-aadb-42d2-8c89-5d2d53173f10','0f62755e-9784-4046-9804-8d4deed36f2a','fe2f55fb-09f2-4605-b073-722562bb0d0b',1494306000000),('3c060644-10a0-4c49-8e60-b1064b328ead','675ec08b-2937-4222-94a6-0143a94763f1','b2366f32-ae51-4254-a1bf-9825ba1f2e97',1494824400000),('41a9807a-7b6d-4ce2-93e7-74adc106ab18','675ec08b-2937-4222-94a6-0143a94763f1','0e479759-ead8-47c8-a319-248b0e7a487f',1494738000000),('512550fa-d4f3-46f6-bea2-cb97bf9a276f','675ec08b-2937-4222-94a6-0143a94763f1','fe2f55fb-09f2-4605-b073-722562bb0d0b',1495342800000),('630fd5ae-a63e-4500-968c-c8e8e6d15c04','64ae3e95-591a-4bf9-8a5b-10803e0eca82','0e479759-ead8-47c8-a319-248b0e7a487f',1495688400000),('73ecfc1b-3c7a-454f-9b70-ddaadd0b3a31','c06a789c-405c-4e7a-8df2-66766284589b','43680f3e-97ac-4257-b27a-5f3b452da2e6',44),('898d70b2-35e6-4640-ae27-0821917d84a3','0f62755e-9784-4046-9804-8d4deed36f2a','0e479759-ead8-47c8-a319-248b0e7a487f',1493614800000),('9c824758-c785-469c-a062-0f69af257ce6','675ec08b-2937-4222-94a6-0143a94763f1','43680f3e-97ac-4257-b27a-5f3b452da2e6',445),('a19d542d-a888-4135-aa4d-fc80ea0acd38','64ae3e95-591a-4bf9-8a5b-10803e0eca82','fe2f55fb-09f2-4605-b073-722562bb0d0b',1495688400000),('c5248949-5345-4aee-b05b-6426ccd45bf9','0f62755e-9784-4046-9804-8d4deed36f2a','43680f3e-97ac-4257-b27a-5f3b452da2e6',12),('dc5c71de-1efe-4927-aea8-809275e7d2b5','c06a789c-405c-4e7a-8df2-66766284589b','b2366f32-ae51-4254-a1bf-9825ba1f2e97',1493874000000),('eee8c674-bb3f-4607-a158-2728b58be5d8','64ae3e95-591a-4bf9-8a5b-10803e0eca82','b2366f32-ae51-4254-a1bf-9825ba1f2e97',1495083600000);

/*Table structure for table `ELIGIBILITY_CONFIG` */

DROP TABLE IF EXISTS `ELIGIBILITY_CONFIG`;

CREATE TABLE `ELIGIBILITY_CONFIG` (
  `ID` varchar(36) COLLATE utf8mb4_unicode_ci NOT NULL,
  `DESCRIPTION` text COLLATE utf8mb4_unicode_ci NOT NULL,
  `MODULE_ID` varchar(36) COLLATE utf8mb4_unicode_ci DEFAULT NULL,
  PRIMARY KEY (`ID`),
  KEY `MODULE_ID` (`MODULE_ID`),
  CONSTRAINT `ELIGIBILITY_CONFIG_ibfk_1` FOREIGN KEY (`MODULE_ID`) REFERENCES `ELECTION_MODULE` (`id`) ON DELETE RESTRICT ON UPDATE CASCADE
) ENGINE=InnoDB DEFAULT CHARSET=utf8mb4 COLLATE=utf8mb4_unicode_ci;

/*Data for the table `ELIGIBILITY_CONFIG` */

/*Table structure for table `NOMINATION` */

DROP TABLE IF EXISTS `NOMINATION`;

CREATE TABLE `NOMINATION` (
  `ID` varchar(36) COLLATE utf8mb4_unicode_ci NOT NULL,
  `STATUS` enum('DRAFT','SUBMIT','NEW') CHARACTER SET utf8mb4 COLLATE utf8mb4_unicode_ci DEFAULT NULL,
  `TEAM_ID` varchar(36) COLLATE utf8mb4_unicode_ci DEFAULT NULL,
  `CREATED_BY` varchar(50) COLLATE utf8mb4_unicode_ci DEFAULT NULL,
  `CREATED_AT` bigint(20) DEFAULT NULL,
  `UPDATED_AT` bigint(20) DEFAULT NULL,
  `ELECTION_ID` varchar(36) COLLATE utf8mb4_unicode_ci NOT NULL,
  `DIVISION_CONFIG_ID` varchar(36) COLLATE utf8mb4_unicode_ci DEFAULT NULL,
  PRIMARY KEY (`ID`),
  KEY `ELECTION_ID` (`ELECTION_ID`),
  KEY `DIVISION_CONFIG_ID` (`DIVISION_CONFIG_ID`),
  KEY `TEAM_ID` (`TEAM_ID`),
  CONSTRAINT `NOMINATION_ibfk_1` FOREIGN KEY (`ELECTION_ID`) REFERENCES `ELECTION` (`id`) ON DELETE RESTRICT ON UPDATE CASCADE,
  CONSTRAINT `NOMINATION_ibfk_2` FOREIGN KEY (`DIVISION_CONFIG_ID`) REFERENCES `DIVISION_CONFIG` (`id`) ON DELETE RESTRICT ON UPDATE CASCADE,
  CONSTRAINT `NOMINATION_ibfk_3` FOREIGN KEY (`TEAM_ID`) REFERENCES `TEAM_CONFIG` (`id`) ON DELETE RESTRICT ON UPDATE CASCADE
) ENGINE=InnoDB DEFAULT CHARSET=utf8mb4 COLLATE=utf8mb4_unicode_ci;

/*Data for the table `NOMINATION` */

insert  into `NOMINATION`(`ID`,`STATUS`,`TEAM_ID`,`CREATED_BY`,`CREATED_AT`,`UPDATED_AT`,`ELECTION_ID`,`DIVISION_CONFIG_ID`) values ('012bbe01-a98b-4ee8-8515-d2f8168d5561','NEW','2222','123',123,123,'560d6ac1-2364-4f46-8b0b-1e6743ad532c','1a29913e-3bc4-4a48-a35e-88f8a874e623'),('0201bed3-ca76-46b8-9d42-5d365555820e','NEW','1111','123',123,123,'52bc16e2-be99-4f30-89b0-dc98a0cea428','3ab3cf77-a468-41a8-821a-8aa6f38222ad'),('02cff4bb-587c-4bbc-bfda-53af5066064e','NEW','2222','123',123,123,'560d6ac1-2364-4f46-8b0b-1e6743ad532c','3ab3cf77-a468-41a8-821a-8aa6f38222ad'),('066cd1aa-434d-4c0f-a3eb-475907104b99','NEW','1111','123',123,123,'6b825b9f-fb23-4f79-9420-a7dd6f108950','1a29913e-3bc4-4a48-a35e-88f8a874e623'),('089273e1-9cf1-4747-ab52-ffd5be74e680','NEW','2222','123',123,123,'0d1e862f-c5e4-4638-a6a6-f98970d569ee','16ab500d-31b1-4176-bfa3-42e766e9d691'),('0ec029aa-cd4f-49ef-93a4-ef6662deb1ac','NEW','3333','123',123,123,'66980967-1101-4b31-adbc-4ec27db1c678','3ab3cf77-a468-41a8-821a-8aa6f38222ad'),('10118bb6-0758-4fb5-9830-e093047613f1','NEW','2222','123',123,123,'52bc16e2-be99-4f30-89b0-dc98a0cea428','21b9752f-8641-40c3-8205-39a612bf5244'),('11524618-24d9-4b31-8c18-03d7ea189312','NEW','3333','123',123,123,'2d06c0c3-1e7e-4108-9371-24de9a08206b','3ab3cf77-a468-41a8-821a-8aa6f38222ad'),('1213bc02-777e-4c64-816a-7e6eb82a17fb','NEW','3333','123',123,123,'66980967-1101-4b31-adbc-4ec27db1c678','21b9752f-8641-40c3-8205-39a612bf5244'),('13a9d503-77ac-4a07-aa4d-0cf9d48f5db7','NEW','2222','123',123,123,'2d06c0c3-1e7e-4108-9371-24de9a08206b','1a29913e-3bc4-4a48-a35e-88f8a874e623'),('14639db6-0e48-44e3-a80e-f94c3b664145','NEW','1111','123',123,123,'0d1e862f-c5e4-4638-a6a6-f98970d569ee','16ab500d-31b1-4176-bfa3-42e766e9d691'),('15341bcf-b3c3-436a-bbcd-f39a357551be','NEW','3333','123',123,123,'2d06c0c3-1e7e-4108-9371-24de9a08206b','1a29913e-3bc4-4a48-a35e-88f8a874e623'),('177343f6-7941-4425-8dbb-9cbbd7daf654','NEW','2222','123',123,123,'52bc16e2-be99-4f30-89b0-dc98a0cea428','1a29913e-3bc4-4a48-a35e-88f8a874e623'),('18da9ad2-9d7c-4b16-9d89-adefd44270a4','NEW','3333','123',123,123,'52bc16e2-be99-4f30-89b0-dc98a0cea428','3ab3cf77-a468-41a8-821a-8aa6f38222ad'),('1b53fa13-5d03-40c4-bd38-3581955db01f','NEW','2222','123',123,123,'cab3cf39-7e72-4151-8d9b-24e0ff026e6c','21b9752f-8641-40c3-8205-39a612bf5244'),('1d343bc2-2488-40d2-885e-54cdd1a6bd32','NEW','3333','123',123,123,'6b825b9f-fb23-4f79-9420-a7dd6f108950','3ab3cf77-a468-41a8-821a-8aa6f38222ad'),('1e74b900-341e-45bf-91ce-372c41801fe1','NEW','3333','123',123,123,'560d6ac1-2364-4f46-8b0b-1e6743ad532c','21b9752f-8641-40c3-8205-39a612bf5244'),('2190e2e1-1265-4905-ad80-6b65cef41d8c','NEW','2222','123',123,123,'6f7dfcff-d1d4-482f-b976-202523961ff3','16ab500d-31b1-4176-bfa3-42e766e9d691'),('2732d3b2-74a3-4e2e-a73b-8c6783e87bde','NEW','1111','123',123,123,'0d1e862f-c5e4-4638-a6a6-f98970d569ee','1a29913e-3bc4-4a48-a35e-88f8a874e623'),('29aa69c5-3978-4b2c-ae1d-791dda33754c','NEW','3333','123',123,123,'66980967-1101-4b31-adbc-4ec27db1c678','16ab500d-31b1-4176-bfa3-42e766e9d691'),('2c4b362f-7d43-43bb-8aa0-681cd1c02c11','NEW','4444','123',123,123,'0d1e862f-c5e4-4638-a6a6-f98970d569ee','21b9752f-8641-40c3-8205-39a612bf5244'),('2c512a61-4a08-44f7-abd5-0a449c889c95','NEW','2222','123',123,123,'160fc297-e3c7-4c9a-b34d-91d9d512d882','21b9752f-8641-40c3-8205-39a612bf5244'),('2d9343aa-6c7f-428e-aa30-887ec8694da7','NEW','3333','123',123,123,'6f7dfcff-d1d4-482f-b976-202523961ff3','1a29913e-3bc4-4a48-a35e-88f8a874e623'),('2dc4d8fb-2e47-4e41-a4dd-e9e5b85f4a17','NEW','1111','123',123,123,'0d1e862f-c5e4-4638-a6a6-f98970d569ee','21b9752f-8641-40c3-8205-39a612bf5244'),('2dd7d12e-0050-4364-ad7a-4ce7a9c7b98b','NEW','1111','123',123,123,'66980967-1101-4b31-adbc-4ec27db1c678','3ab3cf77-a468-41a8-821a-8aa6f38222ad'),('2e4ec2bf-f219-49f9-8553-25b02bcc9e35','DRAFT','1111','123',123,123,'6f7dfcff-d1d4-482f-b976-202523961ff3','16ab500d-31b1-4176-bfa3-42e766e9d691'),('30a2752f-bb5b-47bd-b9ea-04d9d4fbf16f','NEW','1111','123',123,123,'560d6ac1-2364-4f46-8b0b-1e6743ad532c','3ab3cf77-a468-41a8-821a-8aa6f38222ad'),('314f32e7-e1d3-4a2d-b399-79f3419c567b','NEW','3333','123',123,123,'cab3cf39-7e72-4151-8d9b-24e0ff026e6c','1a29913e-3bc4-4a48-a35e-88f8a874e623'),('327112b4-1777-4559-b462-d2aa41eb630c','NEW','3333','123',123,123,'160fc297-e3c7-4c9a-b34d-91d9d512d882','21b9752f-8641-40c3-8205-39a612bf5244'),('3ef293d2-a7f8-4f2d-8744-b6123da1316c','NEW','3333','123',123,123,'6f7dfcff-d1d4-482f-b976-202523961ff3','21b9752f-8641-40c3-8205-39a612bf5244'),('4044dbeb-6264-4ede-be5e-4b1ba5dacd79','NEW','2222','123',123,123,'6f7dfcff-d1d4-482f-b976-202523961ff3','3ab3cf77-a468-41a8-821a-8aa6f38222ad'),('48c7a146-3a2e-4f16-ac51-5ece0155998e','NEW','3333','123',123,123,'2d06c0c3-1e7e-4108-9371-24de9a08206b','21b9752f-8641-40c3-8205-39a612bf5244'),('492bb7f1-0ae6-461f-8636-8d69a508443b','NEW','3333','123',123,123,'560d6ac1-2364-4f46-8b0b-1e6743ad532c','3ab3cf77-a468-41a8-821a-8aa6f38222ad'),('4d88c4f1-f98c-4b41-b528-f6ff96e037e2','NEW','2222','123',123,123,'66980967-1101-4b31-adbc-4ec27db1c678','1a29913e-3bc4-4a48-a35e-88f8a874e623'),('4f1e81fc-2431-42dc-b4b0-bd858f7dcb88','NEW','2222','123',123,123,'6b825b9f-fb23-4f79-9420-a7dd6f108950','21b9752f-8641-40c3-8205-39a612bf5244'),('5169169b-6d9f-46dd-8e54-4f930a6ce1a4','NEW','2222','123',123,123,'0d1e862f-c5e4-4638-a6a6-f98970d569ee','21b9752f-8641-40c3-8205-39a612bf5244'),('54836750-1b6f-4ef4-a737-b20caf7333e3','NEW','2222','123',123,123,'cab3cf39-7e72-4151-8d9b-24e0ff026e6c','16ab500d-31b1-4176-bfa3-42e766e9d691'),('56bea83c-c2f3-48e4-a510-fc56d0c8e93b','NEW','1111','123',123,123,'6b825b9f-fb23-4f79-9420-a7dd6f108950','21b9752f-8641-40c3-8205-39a612bf5244'),('592f2a8e-1435-4676-beda-4141b66c0615','NEW','2222','123',123,123,'6f7dfcff-d1d4-482f-b976-202523961ff3','21b9752f-8641-40c3-8205-39a612bf5244'),('5bb25ca3-4d8b-4b2b-836e-7ba1e3493191','NEW','3333','123',123,123,'160fc297-e3c7-4c9a-b34d-91d9d512d882','16ab500d-31b1-4176-bfa3-42e766e9d691'),('5feeef34-d8a5-401b-a546-9f49ee5c460a','NEW','1111','123',123,123,'160fc297-e3c7-4c9a-b34d-91d9d512d882','16ab500d-31b1-4176-bfa3-42e766e9d691'),('61f17878-386b-45dc-b0f3-1c09d995c567','NEW','2222','123',123,123,'6b825b9f-fb23-4f79-9420-a7dd6f108950','16ab500d-31b1-4176-bfa3-42e766e9d691'),('621239cb-a2e2-4c6d-9ff8-6e893c1758c7','NEW','2222','123',123,123,'66980967-1101-4b31-adbc-4ec27db1c678','16ab500d-31b1-4176-bfa3-42e766e9d691'),('641909ea-5cc7-43bd-9a51-244b886c860d','NEW','3333','123',123,123,'2d06c0c3-1e7e-4108-9371-24de9a08206b','16ab500d-31b1-4176-bfa3-42e766e9d691'),('66a3a2a4-52f8-4b6b-8ce1-e13ea1d94255','NEW','2222','123',123,123,'6f7dfcff-d1d4-482f-b976-202523961ff3','1a29913e-3bc4-4a48-a35e-88f8a874e623'),('676e3703-688d-4190-8c84-de323cc91ccf','NEW','1111','123',123,123,'52bc16e2-be99-4f30-89b0-dc98a0cea428','1a29913e-3bc4-4a48-a35e-88f8a874e623'),('6c0f9202-1b18-4e23-9ab8-56716e91c55e','NEW','1111','123',123,123,'6b825b9f-fb23-4f79-9420-a7dd6f108950','3ab3cf77-a468-41a8-821a-8aa6f38222ad'),('6c9b6988-e26f-4f14-826a-7f9201c9d0fa','NEW','3333','123',123,123,'6b825b9f-fb23-4f79-9420-a7dd6f108950','16ab500d-31b1-4176-bfa3-42e766e9d691'),('6e8901b6-d6ce-45ed-aa52-760406e6f17b','NEW','3333','123',123,123,'6f7dfcff-d1d4-482f-b976-202523961ff3','16ab500d-31b1-4176-bfa3-42e766e9d691'),('71c45142-bef6-4cf6-b901-914bea78bbfa','NEW','3333','123',123,123,'160fc297-e3c7-4c9a-b34d-91d9d512d882','3ab3cf77-a468-41a8-821a-8aa6f38222ad'),('78a468f4-f77e-4e49-a3a8-0d2b53c729f8','NEW','2222','123',123,123,'560d6ac1-2364-4f46-8b0b-1e6743ad532c','16ab500d-31b1-4176-bfa3-42e766e9d691'),('7b54bc8f-91c5-423d-bb49-e3f4e346c739','NEW','4444','123',123,123,'66980967-1101-4b31-adbc-4ec27db1c678','3ab3cf77-a468-41a8-821a-8aa6f38222ad'),('7da701b0-7afe-46f5-a7c8-df36024a5ab2','NEW','1111','123',123,123,'160fc297-e3c7-4c9a-b34d-91d9d512d882','21b9752f-8641-40c3-8205-39a612bf5244'),('7dfbfe51-df22-4ef9-aa6f-e8b5863d43c1','NEW','2222','123',123,123,'160fc297-e3c7-4c9a-b34d-91d9d512d882','16ab500d-31b1-4176-bfa3-42e766e9d691'),('7fdef8b2-c502-4b55-8dee-743bc8b6aeb6','NEW','3333','123',123,123,'66980967-1101-4b31-adbc-4ec27db1c678','1a29913e-3bc4-4a48-a35e-88f8a874e623'),('809c9bfd-2324-442e-991e-c55fb012f873','NEW','1111','123',123,123,'6b825b9f-fb23-4f79-9420-a7dd6f108950','16ab500d-31b1-4176-bfa3-42e766e9d691'),('87a4a80d-ba65-4920-9749-731f9a7fb2c4','NEW','4444','123',123,123,'560d6ac1-2364-4f46-8b0b-1e6743ad532c','21b9752f-8641-40c3-8205-39a612bf5244'),('8c158969-1734-475b-bd9f-cb867e9045de','NEW','2222','123',123,123,'560d6ac1-2364-4f46-8b0b-1e6743ad532c','21b9752f-8641-40c3-8205-39a612bf5244'),('8e88761f-726d-4dd4-8ca3-fad463c7bf7f','NEW','2222','123',123,123,'66980967-1101-4b31-adbc-4ec27db1c678','3ab3cf77-a468-41a8-821a-8aa6f38222ad'),('91ad6ece-734b-49d3-bb30-567d31104018','NEW','1111','123',123,123,'cab3cf39-7e72-4151-8d9b-24e0ff026e6c','1a29913e-3bc4-4a48-a35e-88f8a874e623'),('91e16b76-1a8b-4817-b14d-f06522bacf43','NEW','4444','123',123,123,'560d6ac1-2364-4f46-8b0b-1e6743ad532c','1a29913e-3bc4-4a48-a35e-88f8a874e623'),('9284a14e-30b5-438c-aaa3-18608149d4ec','NEW','1111','123',123,123,'6f7dfcff-d1d4-482f-b976-202523961ff3','3ab3cf77-a468-41a8-821a-8aa6f38222ad'),('9718b5e0-db1a-42c1-8e4e-08e61d4c9fc2','NEW','2222','123',123,123,'2d06c0c3-1e7e-4108-9371-24de9a08206b','21b9752f-8641-40c3-8205-39a612bf5244'),('9788ec73-bbfe-427c-bb08-be3c5fe84306','NEW','1111','123',123,123,'560d6ac1-2364-4f46-8b0b-1e6743ad532c','21b9752f-8641-40c3-8205-39a612bf5244'),('9bb5a8f7-0951-4c55-aa25-f1f90071a169','NEW','2222','123',123,123,'160fc297-e3c7-4c9a-b34d-91d9d512d882','3ab3cf77-a468-41a8-821a-8aa6f38222ad'),('9cd8a85f-0639-44e1-b260-80c042c577d6','NEW','1111','123',123,123,'560d6ac1-2364-4f46-8b0b-1e6743ad532c','16ab500d-31b1-4176-bfa3-42e766e9d691'),('9dab8e9a-1ee6-4363-8864-9b7b32f1b78b','NEW','1111','123',123,123,'66980967-1101-4b31-adbc-4ec27db1c678','21b9752f-8641-40c3-8205-39a612bf5244'),('9f291c0e-9d4d-4542-84da-2296084d9469','NEW','1111','123',123,123,'6f7dfcff-d1d4-482f-b976-202523961ff3','1a29913e-3bc4-4a48-a35e-88f8a874e623'),('9f3392b0-e1a8-4bc0-950f-97e77c7be76c','NEW','3333','123',123,123,'6f7dfcff-d1d4-482f-b976-202523961ff3','3ab3cf77-a468-41a8-821a-8aa6f38222ad'),('a0a0ad27-eeb4-48f5-8faa-fcd2f3fbc0bd','NEW','1111','123',123,123,'cab3cf39-7e72-4151-8d9b-24e0ff026e6c','3ab3cf77-a468-41a8-821a-8aa6f38222ad'),('a18a7bbb-c008-4067-8332-f3eb6e1677e2','NEW','2222','123',123,123,'cab3cf39-7e72-4151-8d9b-24e0ff026e6c','3ab3cf77-a468-41a8-821a-8aa6f38222ad'),('a20d5475-7628-431f-8e14-65aaace85051','NEW','3333','123',123,123,'6b825b9f-fb23-4f79-9420-a7dd6f108950','1a29913e-3bc4-4a48-a35e-88f8a874e623'),('a32806b7-a92a-4f5c-84cb-d91f89c23d04','NEW','3333','123',123,123,'160fc297-e3c7-4c9a-b34d-91d9d512d882','1a29913e-3bc4-4a48-a35e-88f8a874e623'),('a44b2d3d-3ae2-44b3-8d9f-11bbaea4eb54','NEW','1111','123',123,123,'2d06c0c3-1e7e-4108-9371-24de9a08206b','16ab500d-31b1-4176-bfa3-42e766e9d691'),('a4b47d44-a283-4f63-a5ed-d6370d34a1df','NEW','3333','123',123,123,'52bc16e2-be99-4f30-89b0-dc98a0cea428','1a29913e-3bc4-4a48-a35e-88f8a874e623'),('a4eb9351-65b2-4b22-acd9-d73a39cb26bd','NEW','2222','123',123,123,'cab3cf39-7e72-4151-8d9b-24e0ff026e6c','1a29913e-3bc4-4a48-a35e-88f8a874e623'),('a5e58136-cc04-4a24-83dc-1c83610ea172','NEW','3333','123',123,123,'cab3cf39-7e72-4151-8d9b-24e0ff026e6c','16ab500d-31b1-4176-bfa3-42e766e9d691'),('a8948352-eae7-4bcf-b73b-2a13e3fd0420','NEW','1111','123',123,123,'0d1e862f-c5e4-4638-a6a6-f98970d569ee','3ab3cf77-a468-41a8-821a-8aa6f38222ad'),('abd46a89-b11f-46ab-aac3-46e47a26a38e','NEW','4444','123',123,123,'560d6ac1-2364-4f46-8b0b-1e6743ad532c','3ab3cf77-a468-41a8-821a-8aa6f38222ad'),('ad85eacc-5018-4f3f-a141-5733323c8041','NEW','1111','123',123,123,'160fc297-e3c7-4c9a-b34d-91d9d512d882','1a29913e-3bc4-4a48-a35e-88f8a874e623'),('ad8ebea2-2d1f-484f-9781-654f0ae48fc0','NEW','4444','123',123,123,'0d1e862f-c5e4-4638-a6a6-f98970d569ee','3ab3cf77-a468-41a8-821a-8aa6f38222ad'),('ad9894b4-a22a-46ab-b3d7-eb1023e0181a','NEW','1111','123',123,123,'2d06c0c3-1e7e-4108-9371-24de9a08206b','3ab3cf77-a468-41a8-821a-8aa6f38222ad'),('b5e8d4fc-b168-4852-a09f-e856c61dd81e','NEW','3333','123',123,123,'0d1e862f-c5e4-4638-a6a6-f98970d569ee','16ab500d-31b1-4176-bfa3-42e766e9d691'),('b9484e47-e85e-44da-a090-1a5d9ac9395b','NEW','2222','123',123,123,'160fc297-e3c7-4c9a-b34d-91d9d512d882','1a29913e-3bc4-4a48-a35e-88f8a874e623'),('b9f10d75-5600-4551-9d86-c72cb0320f3e','NEW','4444','123',123,123,'0d1e862f-c5e4-4638-a6a6-f98970d569ee','16ab500d-31b1-4176-bfa3-42e766e9d691'),('bb9ab48e-77d1-4bc0-9a89-485cb89322a8','NEW','4444','123',123,123,'66980967-1101-4b31-adbc-4ec27db1c678','21b9752f-8641-40c3-8205-39a612bf5244'),('bbf752e7-7366-4dbe-b5c3-19cb43d5dafe','NEW','2222','123',123,123,'2d06c0c3-1e7e-4108-9371-24de9a08206b','16ab500d-31b1-4176-bfa3-42e766e9d691'),('bc0342f3-7a53-4364-a468-3b0aec07e1b7','NEW','3333','123',123,123,'52bc16e2-be99-4f30-89b0-dc98a0cea428','16ab500d-31b1-4176-bfa3-42e766e9d691'),('bf99f509-de30-4c6b-89fd-9f96beb1521f','NEW','4444','123',123,123,'66980967-1101-4b31-adbc-4ec27db1c678','16ab500d-31b1-4176-bfa3-42e766e9d691'),('c1a2fc7b-98ce-40c5-b3a8-1738c9fffa8a','NEW','4444','123',123,123,'0d1e862f-c5e4-4638-a6a6-f98970d569ee','1a29913e-3bc4-4a48-a35e-88f8a874e623'),('c23ed1f2-37d6-4ed8-8168-f8caf983548e','NEW','4444','123',123,123,'560d6ac1-2364-4f46-8b0b-1e6743ad532c','16ab500d-31b1-4176-bfa3-42e766e9d691'),('c49078e2-0c0a-405f-a324-427bfc51fd60','NEW','3333','123',123,123,'0d1e862f-c5e4-4638-a6a6-f98970d569ee','1a29913e-3bc4-4a48-a35e-88f8a874e623'),('c52132b6-42ea-4620-9568-734fbeaed9c4','NEW','2222','123',123,123,'6b825b9f-fb23-4f79-9420-a7dd6f108950','1a29913e-3bc4-4a48-a35e-88f8a874e623'),('c7891b5b-66c9-4a1f-8716-446f5f697496','NEW','3333','123',123,123,'0d1e862f-c5e4-4638-a6a6-f98970d569ee','3ab3cf77-a468-41a8-821a-8aa6f38222ad'),('caf32389-9500-4713-8ad9-42ad09629384','NEW','3333','123',123,123,'cab3cf39-7e72-4151-8d9b-24e0ff026e6c','21b9752f-8641-40c3-8205-39a612bf5244'),('cc7c74b7-56b2-4252-b8c0-df82f7461ea9','NEW','1111','123',123,123,'6f7dfcff-d1d4-482f-b976-202523961ff3','21b9752f-8641-40c3-8205-39a612bf5244'),('ce752978-0164-471c-abc9-0d68bc69e01f','NEW','3333','123',123,123,'560d6ac1-2364-4f46-8b0b-1e6743ad532c','16ab500d-31b1-4176-bfa3-42e766e9d691'),('d140e331-3230-4c56-9883-31864ecda8e9','NEW','2222','123',123,123,'52bc16e2-be99-4f30-89b0-dc98a0cea428','3ab3cf77-a468-41a8-821a-8aa6f38222ad'),('d320d4b6-e5e3-4433-88a6-b5177ecca2fc','NEW','1111','123',123,123,'2d06c0c3-1e7e-4108-9371-24de9a08206b','1a29913e-3bc4-4a48-a35e-88f8a874e623'),('d6dc5b5f-aef1-4ac5-b977-5221d37239c4','NEW','1111','123',123,123,'160fc297-e3c7-4c9a-b34d-91d9d512d882','3ab3cf77-a468-41a8-821a-8aa6f38222ad'),('d98d7b54-7100-4d17-a035-4c916db5ca74','NEW','3333','123',123,123,'6b825b9f-fb23-4f79-9420-a7dd6f108950','21b9752f-8641-40c3-8205-39a612bf5244'),('d9de9981-a83f-409f-906b-003584489a9d','NEW','3333','123',123,123,'52bc16e2-be99-4f30-89b0-dc98a0cea428','21b9752f-8641-40c3-8205-39a612bf5244'),('dc27e57a-0907-4d3f-b911-e9af651235e0','NEW','1111','123',123,123,'cab3cf39-7e72-4151-8d9b-24e0ff026e6c','21b9752f-8641-40c3-8205-39a612bf5244'),('e04ad472-2a1b-4d11-b681-8b6227e374a3','NEW','1111','123',123,123,'66980967-1101-4b31-adbc-4ec27db1c678','16ab500d-31b1-4176-bfa3-42e766e9d691'),('e29f4618-ee50-49b3-97fd-58549b86219f','NEW','1111','123',123,123,'66980967-1101-4b31-adbc-4ec27db1c678','1a29913e-3bc4-4a48-a35e-88f8a874e623'),('e2b2d31a-56f3-40aa-a2df-09b32d4178e5','NEW','3333','123',123,123,'0d1e862f-c5e4-4638-a6a6-f98970d569ee','21b9752f-8641-40c3-8205-39a612bf5244'),('e4c8416f-9ef5-45eb-997e-afcfac1b5c9a','NEW','2222','123',123,123,'6b825b9f-fb23-4f79-9420-a7dd6f108950','3ab3cf77-a468-41a8-821a-8aa6f38222ad'),('e69e7f39-2c0d-4d02-b50b-7b583b73d9c9','NEW','3333','123',123,123,'560d6ac1-2364-4f46-8b0b-1e6743ad532c','1a29913e-3bc4-4a48-a35e-88f8a874e623'),('e78f15bd-03b9-4e89-a669-dd9656e3d713','NEW','4444','123',123,123,'66980967-1101-4b31-adbc-4ec27db1c678','1a29913e-3bc4-4a48-a35e-88f8a874e623'),('e817caa1-5c9c-458e-9a26-281fab240edc','NEW','1111','123',123,123,'560d6ac1-2364-4f46-8b0b-1e6743ad532c','1a29913e-3bc4-4a48-a35e-88f8a874e623'),('e84e5678-43b8-4747-a9e5-1a0cfc421a7a','NEW','1111','123',123,123,'2d06c0c3-1e7e-4108-9371-24de9a08206b','21b9752f-8641-40c3-8205-39a612bf5244'),('ecaec62d-889a-4461-8a0d-bab9e0cd2af5','NEW','2222','123',123,123,'0d1e862f-c5e4-4638-a6a6-f98970d569ee','1a29913e-3bc4-4a48-a35e-88f8a874e623'),('ecda7090-4cb1-4bff-8d8e-e84571040e88','NEW','2222','123',123,123,'2d06c0c3-1e7e-4108-9371-24de9a08206b','3ab3cf77-a468-41a8-821a-8aa6f38222ad'),('f6177b3e-6149-4814-b55a-c1142987e34d','NEW','1111','123',123,123,'52bc16e2-be99-4f30-89b0-dc98a0cea428','21b9752f-8641-40c3-8205-39a612bf5244'),('fa62303f-df18-41dd-90f6-6b45907d179d','NEW','3333','123',123,123,'cab3cf39-7e72-4151-8d9b-24e0ff026e6c','3ab3cf77-a468-41a8-821a-8aa6f38222ad'),('fb09e308-6c54-4490-8fde-c6fa9c91c8d9','NEW','2222','123',123,123,'0d1e862f-c5e4-4638-a6a6-f98970d569ee','3ab3cf77-a468-41a8-821a-8aa6f38222ad'),('fb43cbb6-367d-406a-9764-e51b134700ef','NEW','1111','123',123,123,'52bc16e2-be99-4f30-89b0-dc98a0cea428','16ab500d-31b1-4176-bfa3-42e766e9d691'),('fbd21b87-db1c-40e9-9881-e09622c5b789','NEW','1111','123',123,123,'cab3cf39-7e72-4151-8d9b-24e0ff026e6c','16ab500d-31b1-4176-bfa3-42e766e9d691'),('fd7a5704-dc57-4006-8dd8-d084f8c9d0fd','NEW','2222','123',123,123,'66980967-1101-4b31-adbc-4ec27db1c678','21b9752f-8641-40c3-8205-39a612bf5244'),('fdf9e7ec-f43e-4b5b-8dba-047697d47d7a','NEW','2222','123',123,123,'52bc16e2-be99-4f30-89b0-dc98a0cea428','16ab500d-31b1-4176-bfa3-42e766e9d691');

/*Table structure for table `NOMINATION_APPROVAL` */

DROP TABLE IF EXISTS `NOMINATION_APPROVAL`;

CREATE TABLE `NOMINATION_APPROVAL` (
  `ID` varchar(36) COLLATE utf8mb4_unicode_ci NOT NULL,
  `APPROVED_BY` varchar(50) COLLATE utf8mb4_unicode_ci DEFAULT NULL,
  `APPROVED_AT` bigint(20) DEFAULT NULL,
  `UPDATED_AT` bigint(20) DEFAULT NULL,
  `STATUS` enum('1ST-APPROVE','2ND-APPROVE','REJECT') COLLATE utf8mb4_unicode_ci DEFAULT NULL,
  `REVIEW_NOTE` text COLLATE utf8mb4_unicode_ci,
  `NOMINATION_ID` varchar(36) COLLATE utf8mb4_unicode_ci DEFAULT NULL,
  PRIMARY KEY (`ID`),
  KEY `NOMINATION_ID` (`NOMINATION_ID`),
  CONSTRAINT `NOMINATION_APPROVAL_ibfk_1` FOREIGN KEY (`NOMINATION_ID`) REFERENCES `NOMINATION` (`id`) ON DELETE RESTRICT ON UPDATE CASCADE
) ENGINE=InnoDB DEFAULT CHARSET=utf8mb4 COLLATE=utf8mb4_unicode_ci;

/*Data for the table `NOMINATION_APPROVAL` */

insert  into `NOMINATION_APPROVAL`(`ID`,`APPROVED_BY`,`APPROVED_AT`,`UPDATED_AT`,`STATUS`,`REVIEW_NOTE`,`NOMINATION_ID`) values ('9ddee961-f392-4e68-b603-f62018f0a5f5','admin',1554263918000,1554263918000,'1ST-APPROVE','hgjfvjhugtkkj\n\n\n\nkkjk','676e3703-688d-4190-8c84-de323cc91ccf');

/*Table structure for table `NOMINATION_SUPPORT_DOC` */

DROP TABLE IF EXISTS `NOMINATION_SUPPORT_DOC`;

CREATE TABLE `NOMINATION_SUPPORT_DOC` (
  `ID` varchar(36) COLLATE utf8mb4_unicode_ci NOT NULL,
  `ORIGINAL_NAME` varchar(50) COLLATE utf8mb4_unicode_ci DEFAULT NULL,
  `FILE_PATH` varchar(200) COLLATE utf8mb4_unicode_ci DEFAULT NULL,
  `SUPPORT_DOC_CONFIG_ID` varchar(36) COLLATE utf8mb4_unicode_ci DEFAULT NULL,
  `NOMINATION_ID` varchar(36) COLLATE utf8mb4_unicode_ci DEFAULT NULL,
  `STATUS` enum('NEW','DELETE') COLLATE utf8mb4_unicode_ci DEFAULT 'NEW',
  PRIMARY KEY (`ID`),
  KEY `SUPPORT_DOC_CONFIG_ID` (`SUPPORT_DOC_CONFIG_ID`),
  KEY `NOMINATION_ID` (`NOMINATION_ID`),
  CONSTRAINT `NOMINATION_SUPPORT_DOC_ibfk_1` FOREIGN KEY (`SUPPORT_DOC_CONFIG_ID`) REFERENCES `SUPPORT_DOC_CONFIG` (`id`) ON DELETE RESTRICT ON UPDATE CASCADE,
  CONSTRAINT `NOMINATION_SUPPORT_DOC_ibfk_2` FOREIGN KEY (`NOMINATION_ID`) REFERENCES `NOMINATION` (`id`) ON DELETE RESTRICT ON UPDATE CASCADE
) ENGINE=InnoDB DEFAULT CHARSET=utf8mb4 COLLATE=utf8mb4_unicode_ci;

/*Data for the table `NOMINATION_SUPPORT_DOC` */

/*Table structure for table `OBJECTION` */

DROP TABLE IF EXISTS `OBJECTION`;

CREATE TABLE `OBJECTION` (
  `ID` varchar(36) COLLATE utf8mb4_unicode_ci NOT NULL,
  `DESCRIPTION` text COLLATE utf8mb4_unicode_ci,
  `CREATED_AT` bigint(20) DEFAULT NULL,
  `CREATED_BY` varchar(100) COLLATE utf8mb4_unicode_ci DEFAULT NULL,
  `CREATED_BY_TEAM_ID` varchar(36) COLLATE utf8mb4_unicode_ci DEFAULT NULL,
  `NOMINATION_ID` varchar(36) COLLATE utf8mb4_unicode_ci DEFAULT NULL,
  PRIMARY KEY (`ID`),
  KEY `NOMINATION_ID` (`NOMINATION_ID`),
  CONSTRAINT `OBJECTION_ibfk_1` FOREIGN KEY (`NOMINATION_ID`) REFERENCES `NOMINATION` (`id`) ON DELETE RESTRICT ON UPDATE CASCADE
) ENGINE=InnoDB DEFAULT CHARSET=utf8mb4 COLLATE=utf8mb4_unicode_ci;

/*Data for the table `OBJECTION` */

/*Table structure for table `OBJECTION_REVIEW` */

DROP TABLE IF EXISTS `OBJECTION_REVIEW`;

CREATE TABLE `OBJECTION_REVIEW` (
  `ID` varchar(36) COLLATE utf8mb4_unicode_ci NOT NULL,
  `CREATED_BY` varchar(100) COLLATE utf8mb4_unicode_ci DEFAULT NULL,
  `CREATED_AT` bigint(20) DEFAULT NULL,
  `NOTE` text COLLATE utf8mb4_unicode_ci,
  `OBJECTION_ID` varchar(36) COLLATE utf8mb4_unicode_ci DEFAULT NULL,
  `STATUS` enum('APPROVED','REJECTED') COLLATE utf8mb4_unicode_ci DEFAULT NULL,
  PRIMARY KEY (`ID`),
  KEY `OBJECTION_ID` (`OBJECTION_ID`),
  CONSTRAINT `OBJECTION_REVIEW_ibfk_1` FOREIGN KEY (`OBJECTION_ID`) REFERENCES `OBJECTION` (`id`) ON DELETE RESTRICT ON UPDATE CASCADE
) ENGINE=InnoDB DEFAULT CHARSET=utf8mb4 COLLATE=utf8mb4_unicode_ci;

/*Data for the table `OBJECTION_REVIEW` */

/*Table structure for table `OBJECTION_SUPPORT_DOC` */

DROP TABLE IF EXISTS `OBJECTION_SUPPORT_DOC`;

CREATE TABLE `OBJECTION_SUPPORT_DOC` (
  `ID` varchar(36) COLLATE utf8mb4_unicode_ci NOT NULL,
  `FILE_PATH` varchar(300) COLLATE utf8mb4_unicode_ci DEFAULT NULL,
  `SUPPORT_DOC_CONFIG_ID` varchar(36) COLLATE utf8mb4_unicode_ci DEFAULT NULL,
  `OBJECTION_ID` varchar(36) COLLATE utf8mb4_unicode_ci DEFAULT NULL,
  PRIMARY KEY (`ID`),
  KEY `SUPPORT_DOC_CONFIG_ID` (`SUPPORT_DOC_CONFIG_ID`),
  KEY `OBJECTION_ID` (`OBJECTION_ID`),
  CONSTRAINT `OBJECTION_SUPPORT_DOC_ibfk_1` FOREIGN KEY (`SUPPORT_DOC_CONFIG_ID`) REFERENCES `SUPPORT_DOC_CONFIG` (`id`) ON DELETE RESTRICT ON UPDATE CASCADE,
  CONSTRAINT `OBJECTION_SUPPORT_DOC_ibfk_2` FOREIGN KEY (`OBJECTION_ID`) REFERENCES `OBJECTION` (`id`) ON DELETE RESTRICT ON UPDATE CASCADE
) ENGINE=InnoDB DEFAULT CHARSET=utf8mb4 COLLATE=utf8mb4_unicode_ci;

/*Data for the table `OBJECTION_SUPPORT_DOC` */

/*Table structure for table `PAYMENT` */

DROP TABLE IF EXISTS `PAYMENT`;

CREATE TABLE `PAYMENT` (
  `ID` varchar(36) COLLATE utf8mb4_unicode_ci NOT NULL,
  `DEPOSITOR` varchar(100) COLLATE utf8mb4_unicode_ci DEFAULT NULL,
  `DEPOSIT_DATE` bigint(20) DEFAULT NULL,
  `AMOUNT` decimal(13,4) DEFAULT NULL,
  `FILE_PATH` varchar(300) COLLATE utf8mb4_unicode_ci DEFAULT NULL,
  `STATUS` enum('PENDING','APPROVE','REJECT') COLLATE utf8mb4_unicode_ci DEFAULT NULL,
  `CREATED_BY` varchar(50) COLLATE utf8mb4_unicode_ci DEFAULT NULL,
  `CREATED_AT` bigint(20) DEFAULT NULL,
  `UPDATED_AT` bigint(20) DEFAULT NULL,
  `NOMINATION_ID` varchar(36) COLLATE utf8mb4_unicode_ci DEFAULT NULL,
  `NOTE` text COLLATE utf8mb4_unicode_ci,
  PRIMARY KEY (`ID`),
  KEY `NOMINATION_ID` (`NOMINATION_ID`),
  CONSTRAINT `PAYMENT_ibfk_1` FOREIGN KEY (`NOMINATION_ID`) REFERENCES `NOMINATION` (`id`) ON DELETE RESTRICT ON UPDATE CASCADE
) ENGINE=InnoDB DEFAULT CHARSET=utf8mb4 COLLATE=utf8mb4_unicode_ci;

/*Data for the table `PAYMENT` */

insert  into `PAYMENT`(`ID`,`DEPOSITOR`,`DEPOSIT_DATE`,`AMOUNT`,`FILE_PATH`,`STATUS`,`CREATED_BY`,`CREATED_AT`,`UPDATED_AT`,`NOMINATION_ID`,`NOTE`) values ('39b18e19-f6bd-4718-ac76-75673be408e9','Kamal Perera',1551744000000,5500.0000,'upload','PENDING','Kamal Perera',1553690093000,1553690093000,'2e4ec2bf-f219-49f9-8553-25b02bcc9e35',NULL);

/*Table structure for table `SUPPORT_DOC_CONFIG` */

DROP TABLE IF EXISTS `SUPPORT_DOC_CONFIG`;

CREATE TABLE `SUPPORT_DOC_CONFIG` (
  `ID` varchar(36) COLLATE utf8mb4_unicode_ci NOT NULL,
  `KEY_NAME` varchar(50) COLLATE utf8mb4_unicode_ci NOT NULL,
  `DESCRIPTION` varchar(100) COLLATE utf8mb4_unicode_ci DEFAULT NULL,
  `DOC_CATEGORY` enum('NOMINATION','CANDIDATE','OBJECTION','PAYMENT') CHARACTER SET utf8mb4 COLLATE utf8mb4_unicode_ci DEFAULT NULL,
  PRIMARY KEY (`ID`)
) ENGINE=InnoDB DEFAULT CHARSET=utf8mb4 COLLATE=utf8mb4_unicode_ci;

/*Data for the table `SUPPORT_DOC_CONFIG` */

insert  into `SUPPORT_DOC_CONFIG`(`ID`,`KEY_NAME`,`DESCRIPTION`,`DOC_CATEGORY`) values ('15990459-2ea4-413f-b1f7-29a138fd7a97','Affidavit','Affidavit','CANDIDATE'),('31232','Scan of Security Deposit Payment Slip','nomination pay slip','PAYMENT'),('32423','Declaration of Asset & Liabilities Form','ss','CANDIDATE'),('3fac66f2-302c-4d27-b9ae-1d004037a9ba','Declaration of Female Representation','Declaration form that denotes the precentage of female representation for the nomination','NOMINATION'),('59f4d9df-006b-4d7c-82dc-736041e97f37','Objection Support Document','Submit any type of document related to objection','OBJECTION'),('b20dd58c-e5bb-469d-98c9-8711d6da1879','Completed & Signed Nomination Form','Nomination form with signature','NOMINATION'),('fe2c2d7e-66de-406a-b887-1143023f8e72','National Identity Card (NIC)','National Identification Card','CANDIDATE'),('ff4c6768-bdbe-4a16-b680-5fecb6b1f747','Birth Certificate','Birth Certification','CANDIDATE');

/*Table structure for table `SUPPORT_DOC_CONFIG_DATA` */

DROP TABLE IF EXISTS `SUPPORT_DOC_CONFIG_DATA`;

CREATE TABLE `SUPPORT_DOC_CONFIG_DATA` (
  `ID` varchar(36) COLLATE utf8mb4_unicode_ci NOT NULL,
  `SUPPORT_DOC_CONFIG_ID` varchar(36) COLLATE utf8mb4_unicode_ci NOT NULL,
  `MODULE_ID` varchar(36) COLLATE utf8mb4_unicode_ci NOT NULL,
  PRIMARY KEY (`ID`),
  KEY `MODULE_ID` (`MODULE_ID`),
  KEY `SUPPORT_DOC_CONFIG_ID` (`SUPPORT_DOC_CONFIG_ID`),
  CONSTRAINT `SUPPORT_DOC_CONFIG_DATA_ibfk_1` FOREIGN KEY (`MODULE_ID`) REFERENCES `ELECTION_MODULE` (`id`) ON DELETE RESTRICT ON UPDATE CASCADE,
  CONSTRAINT `SUPPORT_DOC_CONFIG_DATA_ibfk_2` FOREIGN KEY (`SUPPORT_DOC_CONFIG_ID`) REFERENCES `SUPPORT_DOC_CONFIG` (`id`) ON DELETE RESTRICT ON UPDATE CASCADE
) ENGINE=InnoDB DEFAULT CHARSET=utf8mb4 COLLATE=utf8mb4_unicode_ci;

/*Data for the table `SUPPORT_DOC_CONFIG_DATA` */

insert  into `SUPPORT_DOC_CONFIG_DATA`(`ID`,`SUPPORT_DOC_CONFIG_ID`,`MODULE_ID`) values ('074ff724-36bc-4567-8867-02e5e1f956b6','ff4c6768-bdbe-4a16-b680-5fecb6b1f747','a7d6a31e-bccc-400b-931e-72e9bc859cf9'),('08a82b92-06f8-4f33-a991-d26fdac3059d','fe2c2d7e-66de-406a-b887-1143023f8e72','0ef56c85-1b58-4996-976c-a0484d48ef80'),('0f445cb1-ab2d-4a3d-a385-b02070acb2c1','fe2c2d7e-66de-406a-b887-1143023f8e72','27757873-ed40-49f7-947b-48b432a1b062'),('1f28e15f-9f1c-4b23-b2dd-ef8502e3d84c','15990459-2ea4-413f-b1f7-29a138fd7a97','27757873-ed40-49f7-947b-48b432a1b062'),('36ff864f-4fc2-4d29-91d0-43e1398c009c','15990459-2ea4-413f-b1f7-29a138fd7a97','0ef56c85-1b58-4996-976c-a0484d48ef80'),('3c220808-643d-496c-8f7a-ac18190365c2','fe2c2d7e-66de-406a-b887-1143023f8e72','c59b899a-90b5-45f5-97a1-1ddfaa7366d7'),('47d1a26c-18e5-46b4-8594-e6ccff0eb063','ff4c6768-bdbe-4a16-b680-5fecb6b1f747','0ef56c85-1b58-4996-976c-a0484d48ef80'),('5b627b5a-007d-4a99-9538-bfa4273b2739','ff4c6768-bdbe-4a16-b680-5fecb6b1f747','c59b899a-90b5-45f5-97a1-1ddfaa7366d7'),('8a96292a-e214-403d-9126-6b4433a1ecf9','15990459-2ea4-413f-b1f7-29a138fd7a97','c59b899a-90b5-45f5-97a1-1ddfaa7366d7'),('ae6a2286-f6a1-4beb-bafa-6c503bac4a38','15990459-2ea4-413f-b1f7-29a138fd7a97','a7d6a31e-bccc-400b-931e-72e9bc859cf9'),('afd7cc9d-10a9-4a4e-8972-a31fe962fbac','ff4c6768-bdbe-4a16-b680-5fecb6b1f747','c10a9037-773e-41bb-a219-c70722545a0d'),('b2d50ea1-a656-4fd5-8029-0163c040b289','15990459-2ea4-413f-b1f7-29a138fd7a97','c10a9037-773e-41bb-a219-c70722545a0d'),('d4539a3e-37a4-47a9-9ff1-d6e684ca0ed0','fe2c2d7e-66de-406a-b887-1143023f8e72','a7d6a31e-bccc-400b-931e-72e9bc859cf9'),('d70ac9e8-727b-46dd-a6a1-05511e3142e1','fe2c2d7e-66de-406a-b887-1143023f8e72','c10a9037-773e-41bb-a219-c70722545a0d'),('e30a3165-ddcc-4373-98cc-59632a70d31e','ff4c6768-bdbe-4a16-b680-5fecb6b1f747','27757873-ed40-49f7-947b-48b432a1b062');

/*Table structure for table `TEAM_CONFIG` */

DROP TABLE IF EXISTS `TEAM_CONFIG`;

CREATE TABLE `TEAM_CONFIG` (
  `ID` varchar(36) COLLATE utf8mb4_unicode_ci NOT NULL,
  `TEAM_NAME` varchar(200) COLLATE utf8mb4_unicode_ci DEFAULT NULL,
  PRIMARY KEY (`ID`)
) ENGINE=InnoDB DEFAULT CHARSET=utf8mb4 COLLATE=utf8mb4_unicode_ci;

/*Data for the table `TEAM_CONFIG` */

insert  into `TEAM_CONFIG`(`ID`,`TEAM_NAME`) values ('1111','United National Party ( UNP )'),('2222','United People\'s Freedom Alliance ( UPFA )'),('3333','Janatha Vimukthi Peramuna ( JVP )'),('4444','Jana Setha Peramuna');

/*Table structure for table `USER` */

DROP TABLE IF EXISTS `USER`;

CREATE TABLE `USER` (
  `ID` varchar(36) COLLATE utf8mb4_unicode_ci NOT NULL,
  `NAME` varchar(45) COLLATE utf8mb4_unicode_ci DEFAULT NULL,
  PRIMARY KEY (`ID`)
) ENGINE=InnoDB DEFAULT CHARSET=utf8mb4 COLLATE=utf8mb4_unicode_ci;

/*Data for the table `USER` */

insert  into `USER`(`ID`,`NAME`) values ('123','CLEMENT');

/*!40101 SET SQL_MODE=@OLD_SQL_MODE */;
/*!40014 SET FOREIGN_KEY_CHECKS=@OLD_FOREIGN_KEY_CHECKS */;
/*!40014 SET UNIQUE_CHECKS=@OLD_UNIQUE_CHECKS */;
/*!40111 SET SQL_NOTES=@OLD_SQL_NOTES */;
