/*
SQLyog Ultimate v11.11 (64 bit)
MySQL - 8.0.13 : Database - EC_NOMINATION
*********************************************************************
*/

/*!40101 SET NAMES utf8 */;

/*!40101 SET SQL_MODE=''*/;

/*!40014 SET @OLD_UNIQUE_CHECKS=@@UNIQUE_CHECKS, UNIQUE_CHECKS=0 */;
/*!40014 SET @OLD_FOREIGN_KEY_CHECKS=@@FOREIGN_KEY_CHECKS, FOREIGN_KEY_CHECKS=0 */;
/*!40101 SET @OLD_SQL_MODE=@@SQL_MODE, SQL_MODE='NO_AUTO_VALUE_ON_ZERO' */;
/*!40111 SET @OLD_SQL_NOTES=@@SQL_NOTES, SQL_NOTES=0 */;
CREATE DATABASE /*!32312 IF NOT EXISTS*/`EC_NOMINATION` /*!40100 DEFAULT CHARACTER SET utf8mb4 COLLATE utf8mb4_unicode_ci */;

USE `EC_NOMINATION`;

/*Table structure for table `CANDIDATE` */

DROP TABLE IF EXISTS `CANDIDATE`;

CREATE TABLE `CANDIDATE` (
  `ID` varchar(36) COLLATE utf8mb4_unicode_ci NOT NULL,
  `FULL_NAME` varchar(200) COLLATE utf8mb4_unicode_ci DEFAULT NULL,
  `PREFERRED_NAME` varchar(50) COLLATE utf8mb4_unicode_ci DEFAULT NULL,
  `NIC` varchar(15) COLLATE utf8mb4_unicode_ci DEFAULT NULL,
  `DATE_OF_BIRTH` bigint(20) DEFAULT NULL,
  `GENDER` varchar(6) COLLATE utf8mb4_unicode_ci DEFAULT NULL,
  `ADDRESS` varchar(300) COLLATE utf8mb4_unicode_ci DEFAULT NULL,
  `OCCUPATION` varchar(20) COLLATE utf8mb4_unicode_ci DEFAULT NULL,
  `ELECTORAL_DIVISION_NAME` varchar(50) COLLATE utf8mb4_unicode_ci DEFAULT NULL,
  `ELECTORAL_DIVISION_CODE` varchar(10) COLLATE utf8mb4_unicode_ci DEFAULT NULL,
  `COUNSIL_NAME` varchar(20) COLLATE utf8mb4_unicode_ci DEFAULT NULL,
  `NOMINATION_ID` varchar(36) COLLATE utf8mb4_unicode_ci DEFAULT NULL,
  PRIMARY KEY (`ID`),
  KEY `NOMINATION_ID` (`NOMINATION_ID`),
  CONSTRAINT `CANDIDATE_ibfk_1` FOREIGN KEY (`NOMINATION_ID`) REFERENCES `NOMINATION` (`id`) ON DELETE RESTRICT ON UPDATE CASCADE
) ENGINE=InnoDB DEFAULT CHARSET=utf8mb4 COLLATE=utf8mb4_unicode_ci;

/*Data for the table `CANDIDATE` */

/*Table structure for table `CANDIDATE_CONFIG` */

DROP TABLE IF EXISTS `CANDIDATE_CONFIG`;

CREATE TABLE `CANDIDATE_CONFIG` (
  `ID` varchar(36) COLLATE utf8mb4_unicode_ci NOT NULL,
  `KEY_NAME` varchar(50) COLLATE utf8mb4_unicode_ci DEFAULT NULL,
  `DESCRIPTION` varchar(100) COLLATE utf8mb4_unicode_ci DEFAULT NULL,
  PRIMARY KEY (`ID`)
) ENGINE=InnoDB DEFAULT CHARSET=utf8mb4 COLLATE=utf8mb4_unicode_ci;

/*Data for the table `CANDIDATE_CONFIG` */

insert  into `CANDIDATE_CONFIG`(`ID`,`KEY_NAME`,`DESCRIPTION`) values ('1','FULL_NAME','Name Of Candidate (Full Name)'),('10','COUNSIL_NAME','Counsil Name'),('2','PREFERRED_NAME','Preferred Name'),('3','NIC','National Identity Card (NIC)'),('4','DATE_OF_BIRTH','Date of Birth'),('5','GENDER','Gender'),('6','ADDRESS','Address'),('7','OCCUPATION','Occupation'),('8','ELECTORAL_DIVISION_NAME','Electoral Division Name'),('9','ELECTORAL_DIVISION_CODE','Electoral Division Code');

/*Table structure for table `CANDIDATE_CONFIG_DATA` */

DROP TABLE IF EXISTS `CANDIDATE_CONFIG_DATA`;

CREATE TABLE `CANDIDATE_CONFIG_DATA` (
  `ID` varchar(36) COLLATE utf8mb4_unicode_ci NOT NULL,
  `MODULE_ID` varchar(36) COLLATE utf8mb4_unicode_ci DEFAULT NULL,
  `CANDIDATE_CONFIG_ID` varchar(36) COLLATE utf8mb4_unicode_ci DEFAULT NULL,
  PRIMARY KEY (`ID`),
  KEY `MODULE_ID` (`MODULE_ID`),
  KEY `CANDIDATE_CONFIG_ID` (`CANDIDATE_CONFIG_ID`),
  CONSTRAINT `CANDIDATE_CONFIG_DATA_ibfk_1` FOREIGN KEY (`MODULE_ID`) REFERENCES `ELECTION_MODULE` (`id`) ON DELETE RESTRICT ON UPDATE CASCADE,
  CONSTRAINT `CANDIDATE_CONFIG_DATA_ibfk_2` FOREIGN KEY (`CANDIDATE_CONFIG_ID`) REFERENCES `CANDIDATE_CONFIG` (`id`) ON DELETE RESTRICT ON UPDATE CASCADE
) ENGINE=InnoDB DEFAULT CHARSET=utf8mb4 COLLATE=utf8mb4_unicode_ci;

/*Data for the table `CANDIDATE_CONFIG_DATA` */

/*Table structure for table `CANDIDATE_SUPPORT_DOC` */

DROP TABLE IF EXISTS `CANDIDATE_SUPPORT_DOC`;

CREATE TABLE `CANDIDATE_SUPPORT_DOC` (
  `ID` varchar(36) COLLATE utf8mb4_unicode_ci NOT NULL,
  `ORIGINAL_NAME` varchar(100) COLLATE utf8mb4_unicode_ci DEFAULT NULL,
  `FILE_PATH` varchar(200) COLLATE utf8mb4_unicode_ci DEFAULT NULL,
  `SUPPORT_DOC_CONFIG_ID` varchar(36) COLLATE utf8mb4_unicode_ci DEFAULT NULL,
  `CANDIDATE_ID` varchar(36) COLLATE utf8mb4_unicode_ci DEFAULT NULL,
  `NOMINATION_ID` varchar(36) COLLATE utf8mb4_unicode_ci DEFAULT NULL,
  `STATUS` enum('NEW','DELETE') COLLATE utf8mb4_unicode_ci DEFAULT NULL,
  PRIMARY KEY (`ID`),
  KEY `SUPPORT_DOC_CONFIG_ID` (`SUPPORT_DOC_CONFIG_ID`),
  KEY `CANDIDATE_ID` (`CANDIDATE_ID`),
  KEY `NOMINATION_ID` (`NOMINATION_ID`),
  CONSTRAINT `CANDIDATE_SUPPORT_DOC_ibfk_1` FOREIGN KEY (`SUPPORT_DOC_CONFIG_ID`) REFERENCES `SUPPORT_DOC_CONFIG` (`id`) ON DELETE RESTRICT ON UPDATE CASCADE,
  CONSTRAINT `CANDIDATE_SUPPORT_DOC_ibfk_2` FOREIGN KEY (`CANDIDATE_ID`) REFERENCES `CANDIDATE` (`id`) ON DELETE RESTRICT ON UPDATE CASCADE,
  CONSTRAINT `CANDIDATE_SUPPORT_DOC_ibfk_3` FOREIGN KEY (`NOMINATION_ID`) REFERENCES `NOMINATION` (`id`) ON DELETE RESTRICT ON UPDATE CASCADE
) ENGINE=InnoDB DEFAULT CHARSET=utf8mb4 COLLATE=utf8mb4_unicode_ci;

/*Data for the table `CANDIDATE_SUPPORT_DOC` */

/*Table structure for table `DIVISION_CONFIG` */

DROP TABLE IF EXISTS `DIVISION_CONFIG`;

CREATE TABLE `DIVISION_CONFIG` (
  `ID` varchar(36) COLLATE utf8mb4_unicode_ci NOT NULL,
  `NAME` varchar(100) COLLATE utf8mb4_unicode_ci NOT NULL,
  `CODE` varchar(10) COLLATE utf8mb4_unicode_ci NOT NULL,
  `NO_OF_CANDIDATES` int(5) NOT NULL,
  `MODULE_ID` varchar(36) COLLATE utf8mb4_unicode_ci DEFAULT NULL,
  PRIMARY KEY (`ID`),
  KEY `MODULE_ID` (`MODULE_ID`),
  CONSTRAINT `DIVISION_CONFIG_ibfk_1` FOREIGN KEY (`MODULE_ID`) REFERENCES `ELECTION_MODULE` (`id`) ON DELETE RESTRICT ON UPDATE CASCADE
) ENGINE=InnoDB DEFAULT CHARSET=utf8mb4 COLLATE=utf8mb4_unicode_ci;

/*Data for the table `DIVISION_CONFIG` */

/*Table structure for table `DIVISION_CONFIG_DATA` */

DROP TABLE IF EXISTS `DIVISION_CONFIG_DATA`;

CREATE TABLE `DIVISION_CONFIG_DATA` (
  `ELECTION_ID` varchar(36) COLLATE utf8mb4_unicode_ci NOT NULL,
  `DIVISION_CONFIG_ID` varchar(36) COLLATE utf8mb4_unicode_ci NOT NULL,
  `SELECT_FLAG` tinyint(1) DEFAULT NULL,
  PRIMARY KEY (`ELECTION_ID`,`DIVISION_CONFIG_ID`),
  KEY `DIVISION_CONFIG_ID` (`DIVISION_CONFIG_ID`),
  CONSTRAINT `DIVISION_CONFIG_DATA_ibfk_1` FOREIGN KEY (`ELECTION_ID`) REFERENCES `ELECTION` (`id`) ON DELETE RESTRICT ON UPDATE CASCADE,
  CONSTRAINT `DIVISION_CONFIG_DATA_ibfk_2` FOREIGN KEY (`DIVISION_CONFIG_ID`) REFERENCES `DIVISION_CONFIG` (`id`) ON DELETE RESTRICT ON UPDATE CASCADE
) ENGINE=InnoDB DEFAULT CHARSET=utf8mb4 COLLATE=utf8mb4_unicode_ci;

/*Data for the table `DIVISION_CONFIG_DATA` */

/*Table structure for table `ELECTION` */

DROP TABLE IF EXISTS `ELECTION`;

CREATE TABLE `ELECTION` (
  `ID` varchar(36) COLLATE utf8mb4_unicode_ci NOT NULL,
  `NAME` varchar(100) COLLATE utf8mb4_unicode_ci NOT NULL,
  `CREATED_BY` varchar(50) COLLATE utf8mb4_unicode_ci DEFAULT NULL,
  `CREATED_AT` bigint(20) DEFAULT NULL,
  `UPDATED_AT` bigint(20) DEFAULT NULL,
  `MODULE_ID` varchar(36) COLLATE utf8mb4_unicode_ci DEFAULT NULL,
  PRIMARY KEY (`ID`),
  KEY `MODULE_ID` (`MODULE_ID`),
  CONSTRAINT `ELECTION_ibfk_1` FOREIGN KEY (`MODULE_ID`) REFERENCES `ELECTION_MODULE` (`id`) ON DELETE RESTRICT ON UPDATE CASCADE
) ENGINE=InnoDB DEFAULT CHARSET=utf8mb4 COLLATE=utf8mb4_unicode_ci;

/*Data for the table `ELECTION` */

/*Table structure for table `ELECTION_APPROVAL` */

DROP TABLE IF EXISTS `ELECTION_APPROVAL`;

CREATE TABLE `ELECTION_APPROVAL` (
  `ID` varchar(36) COLLATE utf8mb4_unicode_ci NOT NULL,
  `STATUS` enum('PENDING','APPROVE','REJECT') COLLATE utf8mb4_unicode_ci DEFAULT NULL,
  `APPROVED_BY` varchar(50) COLLATE utf8mb4_unicode_ci DEFAULT NULL,
  `APPROVED_AT` bigint(20) DEFAULT NULL,
  `UPDATED_AT` bigint(20) DEFAULT NULL,
  `ELECTION_ID` varchar(36) COLLATE utf8mb4_unicode_ci DEFAULT NULL,
  PRIMARY KEY (`ID`),
  KEY `ELECTION_ID` (`ELECTION_ID`),
  CONSTRAINT `ELECTION_APPROVAL_ibfk_1` FOREIGN KEY (`ELECTION_ID`) REFERENCES `ELECTION` (`id`) ON DELETE RESTRICT ON UPDATE CASCADE
) ENGINE=InnoDB DEFAULT CHARSET=utf8mb4 COLLATE=utf8mb4_unicode_ci;

/*Data for the table `ELECTION_APPROVAL` */

/*Table structure for table `ELECTION_CONFIG` */

DROP TABLE IF EXISTS `ELECTION_CONFIG`;

CREATE TABLE `ELECTION_CONFIG` (
  `ID` varchar(36) COLLATE utf8mb4_unicode_ci NOT NULL,
  `KEY_NAME` varchar(50) COLLATE utf8mb4_unicode_ci DEFAULT NULL,
  `DESCRIPTION` varchar(100) COLLATE utf8mb4_unicode_ci DEFAULT NULL,
  PRIMARY KEY (`ID`)
) ENGINE=InnoDB DEFAULT CHARSET=utf8mb4 COLLATE=utf8mb4_unicode_ci;

/*Data for the table `ELECTION_CONFIG` */

insert  into `ELECTION_CONFIG`(`ID`,`KEY_NAME`,`DESCRIPTION`) values ('1','candidate payment','payment pert candidate'),('2','weightageVoteBased','weightage vote'),('3','weightagePrefarenceBased','weightage prefarence');

/*Table structure for table `ELECTION_CONFIG_DATA` */

DROP TABLE IF EXISTS `ELECTION_CONFIG_DATA`;

CREATE TABLE `ELECTION_CONFIG_DATA` (
  `ID` varchar(36) COLLATE utf8mb4_unicode_ci NOT NULL,
  `VALUE` varchar(100) COLLATE utf8mb4_unicode_ci NOT NULL,
  `ELECTION_CONFIG_ID` varchar(36) CHARACTER SET utf8mb4 COLLATE utf8mb4_unicode_ci DEFAULT NULL,
  `ELECTION_ID` varchar(36) CHARACTER SET utf8mb4 COLLATE utf8mb4_unicode_ci DEFAULT NULL,
  PRIMARY KEY (`ID`),
  KEY `ELECTION_CONFIG_ID` (`ELECTION_CONFIG_ID`),
  KEY `ELECTION_ID` (`ELECTION_ID`),
  CONSTRAINT `ELECTION_CONFIG_DATA_ibfk_1` FOREIGN KEY (`ELECTION_CONFIG_ID`) REFERENCES `ELECTION_CONFIG` (`id`) ON DELETE RESTRICT ON UPDATE CASCADE,
  CONSTRAINT `ELECTION_CONFIG_DATA_ibfk_2` FOREIGN KEY (`ELECTION_ID`) REFERENCES `ELECTION` (`id`) ON DELETE RESTRICT ON UPDATE CASCADE
) ENGINE=InnoDB DEFAULT CHARSET=utf8mb4 COLLATE=utf8mb4_unicode_ci;

/*Data for the table `ELECTION_CONFIG_DATA` */

/*Table structure for table `ELECTION_MODULE` */

DROP TABLE IF EXISTS `ELECTION_MODULE`;

CREATE TABLE `ELECTION_MODULE` (
  `ID` varchar(36) COLLATE utf8mb4_unicode_ci NOT NULL,
  `NAME` varchar(100) COLLATE utf8mb4_unicode_ci NOT NULL,
  `DIVISION_COMMON_NAME` varchar(20) COLLATE utf8mb4_unicode_ci DEFAULT NULL,
  `CREATED_BY` varchar(50) COLLATE utf8mb4_unicode_ci DEFAULT NULL,
  `CREATED_AT` bigint(20) DEFAULT NULL,
  `UPDATED_AT` bigint(20) DEFAULT NULL,
  PRIMARY KEY (`ID`)
) ENGINE=InnoDB DEFAULT CHARSET=utf8mb4 COLLATE=utf8mb4_unicode_ci;

/*Data for the table `ELECTION_MODULE` */

insert  into `ELECTION_MODULE`(`ID`,`NAME`,`DIVISION_COMMON_NAME`,`CREATED_BY`,`CREATED_AT`,`UPDATED_AT`) values ('0ef56c85-1b58-4996-976c-a0484d48ef80','Provincial Council','Provinsi88al','admin',234234,234344),('2134234','Referendum','Island','Admin',1546713528,1546713528),('234234','Local Government','Local authority','admin',1546713528,1546713528),('27757873-ed40-49f7-947b-48b432a1b062','Provincial Council','Provinsi88al','admin-user-1',1546713528,234344),('2a1f626f-47db-409b-9f7b-6121c76ba4cf','asd','Provintial','admin',1554695642,1554695642),('455cd89e-269b-4b69-96ce-8d7c7bf44ac2','Parliamentary','DISTRICT','admin-user-1',1546713528,1546713528),('7404a229-6274-43d0-b3c5-740c3c2e1256','Presidential','ALL','admin-user-1',1546713528,1546713528),('7e3a179d-41ab-4dca-a478-b939834f7c40','','Provintial','admin',1554694405,1554694405),('a0db7265-7b0f-49bc-9783-704af17de520','','Provintial','admin',1554653631,1554653631),('a7d6a31e-bccc-400b-931e-72e9bc859cf9','Provincial Council','Provinsi88al','admin',234234,234344),('c10a9037-773e-41bb-a219-c70722545a0d','Provincial Council','Provinsi88al','admin',234234,234344),('c59b899a-90b5-45f5-97a1-1ddfaa7366d7','Provincial Council','Provinsi88al','admin',234234,234344),('e5ccab36-4029-410f-992e-03d81453d02e','ParliamentaryNew ','Provintial','admin',1554654709,1554654709),('fee08feb-a595-44c4-8196-7ef84bc3c640','','Provintial','admin',1554654445,1554654445);

/*Table structure for table `ELECTION_MODULE_APPROVAL` */

DROP TABLE IF EXISTS `ELECTION_MODULE_APPROVAL`;

CREATE TABLE `ELECTION_MODULE_APPROVAL` (
  `ID` varchar(36) COLLATE utf8mb4_unicode_ci NOT NULL,
  `STATUS` enum('PENDING','APPROVE','REJECT') COLLATE utf8mb4_unicode_ci DEFAULT NULL,
  `APPROVED_BY` varchar(50) COLLATE utf8mb4_unicode_ci DEFAULT NULL,
  `APPROVED_AT` bigint(20) DEFAULT NULL,
  `UPDATED_AT` bigint(20) DEFAULT NULL,
  `MODULE_ID` varchar(36) COLLATE utf8mb4_unicode_ci DEFAULT NULL,
  PRIMARY KEY (`ID`),
  KEY `MODULE_ID` (`MODULE_ID`),
  CONSTRAINT `ELECTION_MODULE_APPROVAL_ibfk_1` FOREIGN KEY (`MODULE_ID`) REFERENCES `ELECTION_MODULE` (`id`) ON DELETE RESTRICT ON UPDATE CASCADE
) ENGINE=InnoDB DEFAULT CHARSET=utf8mb4 COLLATE=utf8mb4_unicode_ci;

/*Data for the table `ELECTION_MODULE_APPROVAL` */

insert  into `ELECTION_MODULE_APPROVAL`(`ID`,`STATUS`,`APPROVED_BY`,`APPROVED_AT`,`UPDATED_AT`,`MODULE_ID`) values ('21423423','APPROVE','Admin',1546713528,1546713528,'2134234'),('27e4bf42-927b-4c88-8ae0-825741ddda4e','APPROVE','admin-user-2',1546713528,1546713528,'7404a229-6274-43d0-b3c5-740c3c2e1256'),('3423423','APPROVE','Admin',1546713528,1546713528,'234234'),('354ee027-093b-412d-becc-be9b354eddcc','APPROVE','admin-user-2',1546713528,1546713528,'27757873-ed40-49f7-947b-48b432a1b062'),('77baf5c9-7fb7-424d-ab07-9fff2dfa9f2c','APPROVE','admin-user-2',1546713528,1546713528,'455cd89e-269b-4b69-96ce-8d7c7bf44ac2');

/*Table structure for table `ELECTION_MODULE_CONFIG` */

DROP TABLE IF EXISTS `ELECTION_MODULE_CONFIG`;

CREATE TABLE `ELECTION_MODULE_CONFIG` (
  `ID` varchar(36) COLLATE utf8mb4_unicode_ci NOT NULL,
  `KEY_NAME` varchar(50) COLLATE utf8mb4_unicode_ci DEFAULT NULL,
  `DESCRIPTION` varchar(100) COLLATE utf8mb4_unicode_ci DEFAULT NULL,
  PRIMARY KEY (`ID`)
) ENGINE=InnoDB DEFAULT CHARSET=utf8mb4 COLLATE=utf8mb4_unicode_ci;

/*Data for the table `ELECTION_MODULE_CONFIG` */

insert  into `ELECTION_MODULE_CONFIG`(`ID`,`KEY_NAME`,`DESCRIPTION`) values ('123213','candidate payment','candidate payment amount'),('1243123','nomination submission by',NULL),('15990459-2ea4-413f-b1f7-29a138fd7a97','cal type',NULL),('234433','weightagePrefarenceBased',NULL),('2353453','authority',NULL),('324324','weightageVoteBased',NULL),('fe2c2d7e-66de-406a-b887-1143023f8e72','pay allowed',NULL),('ff4c6768-bdbe-4a16-b680-5fecb6b1f747','test',NULL);

/*Table structure for table `ELECTION_MODULE_CONFIG_DATA` */

DROP TABLE IF EXISTS `ELECTION_MODULE_CONFIG_DATA`;

CREATE TABLE `ELECTION_MODULE_CONFIG_DATA` (
  `ID` varchar(36) COLLATE utf8mb4_unicode_ci NOT NULL,
  `VALUE` varchar(100) CHARACTER SET utf8mb4 COLLATE utf8mb4_unicode_ci DEFAULT NULL,
  `ELECTION_MODULE_CONFIG_ID` varchar(36) COLLATE utf8mb4_unicode_ci NOT NULL,
  `MODULE_ID` varchar(36) COLLATE utf8mb4_unicode_ci NOT NULL,
  PRIMARY KEY (`ID`),
  KEY `MODULE_ID` (`MODULE_ID`),
  KEY `ELECTION_MODULE_CONFIG_ID` (`ELECTION_MODULE_CONFIG_ID`),
  CONSTRAINT `ELECTION_MODULE_CONFIG_DATA_ibfk_1` FOREIGN KEY (`MODULE_ID`) REFERENCES `ELECTION_MODULE` (`id`) ON DELETE RESTRICT ON UPDATE CASCADE,
  CONSTRAINT `ELECTION_MODULE_CONFIG_DATA_ibfk_2` FOREIGN KEY (`ELECTION_MODULE_CONFIG_ID`) REFERENCES `ELECTION_MODULE_CONFIG` (`id`) ON DELETE RESTRICT ON UPDATE CASCADE
) ENGINE=InnoDB DEFAULT CHARSET=utf8mb4 COLLATE=utf8mb4_unicode_ci;

/*Data for the table `ELECTION_MODULE_CONFIG_DATA` */

insert  into `ELECTION_MODULE_CONFIG_DATA`(`ID`,`VALUE`,`ELECTION_MODULE_CONFIG_ID`,`MODULE_ID`) values ('1000d0f4-0337-4d94-b46f-b0f8b6cbae77','allowed','15990459-2ea4-413f-b1f7-29a138fd7a97','7e3a179d-41ab-4dca-a478-b939834f7c40'),('1231223','500','123213','27757873-ed40-49f7-947b-48b432a1b062'),('12342141','Party Leader / IG Leader','1243123','27757873-ed40-49f7-947b-48b432a1b062'),('1face747-bcb0-48cc-b6fa-67fa5e68e37b','allowed','ff4c6768-bdbe-4a16-b680-5fecb6b1f747','c10a9037-773e-41bb-a219-c70722545a0d'),('23512354234','Director General, Election Commission','2353453','27757873-ed40-49f7-947b-48b432a1b062'),('29792729-762a-4b39-8e73-286bf85de973','allowed','fe2c2d7e-66de-406a-b887-1143023f8e72','c59b899a-90b5-45f5-97a1-1ddfaa7366d7'),('2df49c26-2928-4817-a5e8-f1a06ae2d5d1','Vote & preferential basis','15990459-2ea4-413f-b1f7-29a138fd7a97','27757873-ed40-49f7-947b-48b432a1b062'),('2ea93971-0a30-44b1-bc9d-a360c86d7f6b','allowed','fe2c2d7e-66de-406a-b887-1143023f8e72','c10a9037-773e-41bb-a219-c70722545a0d'),('34523523','25','234433','27757873-ed40-49f7-947b-48b432a1b062'),('42da6867-8a4e-4842-a11e-43f67156710f','allowed','fe2c2d7e-66de-406a-b887-1143023f8e72','a7d6a31e-bccc-400b-931e-72e9bc859cf9'),('51329544-511f-4d99-8021-50c4db3b8190','Vote & preferential basis','15990459-2ea4-413f-b1f7-29a138fd7a97','0ef56c85-1b58-4996-976c-a0484d48ef80'),('5345435','75','324324','27757873-ed40-49f7-947b-48b432a1b062'),('5b53611e-a18c-4003-967e-a271619d2792','allowed','ff4c6768-bdbe-4a16-b680-5fecb6b1f747','c59b899a-90b5-45f5-97a1-1ddfaa7366d7'),('757c1ec5-fc67-4f01-a5dd-79c141656b41','allowed','fe2c2d7e-66de-406a-b887-1143023f8e72','0ef56c85-1b58-4996-976c-a0484d48ef80'),('7866767c-8050-424f-9fac-43e3ab79630f','Vote & preferential basis','15990459-2ea4-413f-b1f7-29a138fd7a97','c59b899a-90b5-45f5-97a1-1ddfaa7366d7'),('803dd1af-71d7-4873-bd92-0a70b95f357f','allowed','15990459-2ea4-413f-b1f7-29a138fd7a97','2a1f626f-47db-409b-9f7b-6121c76ba4cf'),('89d141fd-26e9-4682-86e1-77ce9e92fc1e','allowed','15990459-2ea4-413f-b1f7-29a138fd7a97','fee08feb-a595-44c4-8196-7ef84bc3c640'),('9561302d-cf7f-4fd1-8217-ff85e8c46165','allowed','ff4c6768-bdbe-4a16-b680-5fecb6b1f747','a7d6a31e-bccc-400b-931e-72e9bc859cf9'),('a5d77fd8-b348-471e-b1ab-074d11dcc887','Vote & preferential basis','15990459-2ea4-413f-b1f7-29a138fd7a97','a7d6a31e-bccc-400b-931e-72e9bc859cf9'),('af2bb611-b68c-4eae-a3a8-49e3e1dd6fdb','allowed','15990459-2ea4-413f-b1f7-29a138fd7a97','a0db7265-7b0f-49bc-9783-704af17de520'),('b1edfab6-7f44-4fa6-8ef4-4ee4d3e02e24','Vote & preferential basis','15990459-2ea4-413f-b1f7-29a138fd7a97','c10a9037-773e-41bb-a219-c70722545a0d'),('c18528b7-54a6-460e-846a-896cbefe9d2f','allowed','fe2c2d7e-66de-406a-b887-1143023f8e72','27757873-ed40-49f7-947b-48b432a1b062'),('dc06786b-2d57-4e00-aa7f-b33def00a9e4','allowed','ff4c6768-bdbe-4a16-b680-5fecb6b1f747','27757873-ed40-49f7-947b-48b432a1b062'),('df1e804b-7fd5-42e5-b566-3484449eb540','allowed','15990459-2ea4-413f-b1f7-29a138fd7a97','e5ccab36-4029-410f-992e-03d81453d02e'),('eb7ce243-e929-487e-b40b-06e65976c16b','allowed','ff4c6768-bdbe-4a16-b680-5fecb6b1f747','0ef56c85-1b58-4996-976c-a0484d48ef80');

/*Table structure for table `ELECTION_TEAM` */

DROP TABLE IF EXISTS `ELECTION_TEAM`;

CREATE TABLE `ELECTION_TEAM` (
  `ID` varchar(36) COLLATE utf8mb4_unicode_ci NOT NULL,
  `TEAM_ID` varchar(36) COLLATE utf8mb4_unicode_ci DEFAULT NULL,
  `ELECTION_ID` varchar(36) COLLATE utf8mb4_unicode_ci DEFAULT NULL,
  PRIMARY KEY (`ID`),
  KEY `ELECTION_ID` (`ELECTION_ID`),
  CONSTRAINT `ELECTION_TEAM_ibfk_1` FOREIGN KEY (`ELECTION_ID`) REFERENCES `ELECTION` (`id`) ON DELETE RESTRICT ON UPDATE CASCADE
) ENGINE=InnoDB DEFAULT CHARSET=utf8mb4 COLLATE=utf8mb4_unicode_ci;

/*Data for the table `ELECTION_TEAM` */

/*Table structure for table `ELECTION_TIMELINE` */

DROP TABLE IF EXISTS `ELECTION_TIMELINE`;

CREATE TABLE `ELECTION_TIMELINE` (
  `ID` varchar(36) COLLATE utf8mb4_unicode_ci NOT NULL,
  `NOMINATION_START` bigint(20) DEFAULT NULL,
  `NOMINATION_END` bigint(20) DEFAULT NULL,
  `OBJECTION_START` bigint(20) DEFAULT NULL,
  `OBJECTION_END` bigint(20) DEFAULT NULL,
  `ELECTION_ID` varchar(36) COLLATE utf8mb4_unicode_ci DEFAULT NULL,
  PRIMARY KEY (`ID`),
  KEY `ELECTION_ID` (`ELECTION_ID`),
  CONSTRAINT `ELECTION_TIMELINE_ibfk_1` FOREIGN KEY (`ELECTION_ID`) REFERENCES `ELECTION` (`id`) ON DELETE RESTRICT ON UPDATE CASCADE
) ENGINE=InnoDB DEFAULT CHARSET=utf8mb4 COLLATE=utf8mb4_unicode_ci;

/*Data for the table `ELECTION_TIMELINE` */

/*Table structure for table `ELECTION_TIMELINE_CONFIG` */

DROP TABLE IF EXISTS `ELECTION_TIMELINE_CONFIG`;

CREATE TABLE `ELECTION_TIMELINE_CONFIG` (
  `ID` varchar(36) COLLATE utf8mb4_unicode_ci NOT NULL,
  `KEY_NAME` varchar(50) COLLATE utf8mb4_unicode_ci NOT NULL,
  `DESCRIPTION` varchar(100) COLLATE utf8mb4_unicode_ci DEFAULT NULL,
  PRIMARY KEY (`ID`)
) ENGINE=InnoDB DEFAULT CHARSET=utf8mb4 COLLATE=utf8mb4_unicode_ci;

/*Data for the table `ELECTION_TIMELINE_CONFIG` */

insert  into `ELECTION_TIMELINE_CONFIG`(`ID`,`KEY_NAME`,`DESCRIPTION`) values ('0f62755e-9784-4046-9804-8d4deed36f2a','nomination_start_date','Start date of Nomination in UNIX TIMESTAMP'),('64ae3e95-591a-4bf9-8a5b-10803e0eca82','objection_end_date','End date of Objection in UNIX TIMESTAMP'),('675ec08b-2937-4222-94a6-0143a94763f1','objection_start_date','Start date of Objection in UNIX TIMESTAMP'),('c06a789c-405c-4e7a-8df2-66766284589b','nomination_end_date','End date of Nomination in UNIX TIMESTAMP');

/*Table structure for table `ELECTION_TIMELINE_CONFIG_DATA` */

DROP TABLE IF EXISTS `ELECTION_TIMELINE_CONFIG_DATA`;

CREATE TABLE `ELECTION_TIMELINE_CONFIG_DATA` (
  `ID` varchar(36) COLLATE utf8mb4_unicode_ci NOT NULL,
  `ELECTION_TIMELINE_CONFIG_ID` varchar(36) CHARACTER SET utf8mb4 COLLATE utf8mb4_unicode_ci DEFAULT NULL,
  `ELECTION_ID` varchar(36) CHARACTER SET utf8mb4 COLLATE utf8mb4_unicode_ci DEFAULT NULL,
  `VALUE` bigint(20) DEFAULT NULL,
  PRIMARY KEY (`ID`),
  KEY `ELECTION_TIMELINE_CONFIG_ID` (`ELECTION_TIMELINE_CONFIG_ID`),
  KEY `ELECTION_ID` (`ELECTION_ID`),
  CONSTRAINT `ELECTION_TIMELINE_CONFIG_DATA_ibfk_1` FOREIGN KEY (`ELECTION_TIMELINE_CONFIG_ID`) REFERENCES `ELECTION_TIMELINE_CONFIG` (`id`) ON DELETE RESTRICT ON UPDATE CASCADE,
  CONSTRAINT `ELECTION_TIMELINE_CONFIG_DATA_ibfk_2` FOREIGN KEY (`ELECTION_ID`) REFERENCES `ELECTION` (`id`) ON DELETE RESTRICT ON UPDATE CASCADE
) ENGINE=InnoDB DEFAULT CHARSET=utf8mb4 COLLATE=utf8mb4_unicode_ci;

/*Data for the table `ELECTION_TIMELINE_CONFIG_DATA` */

/*Table structure for table `ELIGIBILITY_CONFIG` */

DROP TABLE IF EXISTS `ELIGIBILITY_CONFIG`;

CREATE TABLE `ELIGIBILITY_CONFIG` (
  `ID` varchar(36) COLLATE utf8mb4_unicode_ci NOT NULL,
  `DESCRIPTION` text COLLATE utf8mb4_unicode_ci NOT NULL,
  `MODULE_ID` varchar(36) COLLATE utf8mb4_unicode_ci DEFAULT NULL,
  PRIMARY KEY (`ID`),
  KEY `MODULE_ID` (`MODULE_ID`),
  CONSTRAINT `ELIGIBILITY_CONFIG_ibfk_1` FOREIGN KEY (`MODULE_ID`) REFERENCES `ELECTION_MODULE` (`id`) ON DELETE RESTRICT ON UPDATE CASCADE
) ENGINE=InnoDB DEFAULT CHARSET=utf8mb4 COLLATE=utf8mb4_unicode_ci;

/*Data for the table `ELIGIBILITY_CONFIG` */

/*Table structure for table `NOMINATION` */

DROP TABLE IF EXISTS `NOMINATION`;

CREATE TABLE `NOMINATION` (
  `ID` varchar(36) COLLATE utf8mb4_unicode_ci NOT NULL,
  `STATUS` enum('DRAFT','SUBMIT','NEW') CHARACTER SET utf8mb4 COLLATE utf8mb4_unicode_ci DEFAULT NULL,
  `TEAM_ID` varchar(36) COLLATE utf8mb4_unicode_ci DEFAULT NULL,
  `CREATED_BY` varchar(50) COLLATE utf8mb4_unicode_ci DEFAULT NULL,
  `CREATED_AT` bigint(20) DEFAULT NULL,
  `UPDATED_AT` bigint(20) DEFAULT NULL,
  `ELECTION_ID` varchar(36) COLLATE utf8mb4_unicode_ci NOT NULL,
  `DIVISION_CONFIG_ID` varchar(36) COLLATE utf8mb4_unicode_ci DEFAULT NULL,
  PRIMARY KEY (`ID`),
  KEY `ELECTION_ID` (`ELECTION_ID`),
  KEY `DIVISION_CONFIG_ID` (`DIVISION_CONFIG_ID`),
  KEY `TEAM_ID` (`TEAM_ID`),
  CONSTRAINT `NOMINATION_ibfk_1` FOREIGN KEY (`ELECTION_ID`) REFERENCES `ELECTION` (`id`) ON DELETE RESTRICT ON UPDATE CASCADE,
  CONSTRAINT `NOMINATION_ibfk_2` FOREIGN KEY (`DIVISION_CONFIG_ID`) REFERENCES `DIVISION_CONFIG` (`id`) ON DELETE RESTRICT ON UPDATE CASCADE,
  CONSTRAINT `NOMINATION_ibfk_3` FOREIGN KEY (`TEAM_ID`) REFERENCES `TEAM_CONFIG` (`id`) ON DELETE RESTRICT ON UPDATE CASCADE
) ENGINE=InnoDB DEFAULT CHARSET=utf8mb4 COLLATE=utf8mb4_unicode_ci;

/*Data for the table `NOMINATION` */

/*Table structure for table `NOMINATION_APPROVAL` */

DROP TABLE IF EXISTS `NOMINATION_APPROVAL`;

CREATE TABLE `NOMINATION_APPROVAL` (
  `ID` varchar(36) COLLATE utf8mb4_unicode_ci NOT NULL,
  `APPROVED_BY` varchar(50) COLLATE utf8mb4_unicode_ci DEFAULT NULL,
  `APPROVED_AT` bigint(20) DEFAULT NULL,
  `UPDATED_AT` bigint(20) DEFAULT NULL,
  `STATUS` enum('1ST-APPROVE','2ND-APPROVE','REJECT') COLLATE utf8mb4_unicode_ci DEFAULT NULL,
  `REVIEW_NOTE` text COLLATE utf8mb4_unicode_ci,
  `NOMINATION_ID` varchar(36) COLLATE utf8mb4_unicode_ci DEFAULT NULL,
  PRIMARY KEY (`ID`),
  KEY `NOMINATION_ID` (`NOMINATION_ID`),
  CONSTRAINT `NOMINATION_APPROVAL_ibfk_1` FOREIGN KEY (`NOMINATION_ID`) REFERENCES `NOMINATION` (`id`) ON DELETE RESTRICT ON UPDATE CASCADE
) ENGINE=InnoDB DEFAULT CHARSET=utf8mb4 COLLATE=utf8mb4_unicode_ci;

/*Data for the table `NOMINATION_APPROVAL` */

/*Table structure for table `NOMINATION_SUPPORT_DOC` */

DROP TABLE IF EXISTS `NOMINATION_SUPPORT_DOC`;

CREATE TABLE `NOMINATION_SUPPORT_DOC` (
  `ID` varchar(36) COLLATE utf8mb4_unicode_ci NOT NULL,
  `ORIGINAL_NAME` varchar(50) COLLATE utf8mb4_unicode_ci DEFAULT NULL,
  `FILE_PATH` varchar(200) COLLATE utf8mb4_unicode_ci DEFAULT NULL,
  `SUPPORT_DOC_CONFIG_ID` varchar(36) COLLATE utf8mb4_unicode_ci DEFAULT NULL,
  `NOMINATION_ID` varchar(36) COLLATE utf8mb4_unicode_ci DEFAULT NULL,
  `STATUS` enum('NEW','DELETE') COLLATE utf8mb4_unicode_ci DEFAULT 'NEW',
  PRIMARY KEY (`ID`),
  KEY `SUPPORT_DOC_CONFIG_ID` (`SUPPORT_DOC_CONFIG_ID`),
  KEY `NOMINATION_ID` (`NOMINATION_ID`),
  CONSTRAINT `NOMINATION_SUPPORT_DOC_ibfk_1` FOREIGN KEY (`SUPPORT_DOC_CONFIG_ID`) REFERENCES `SUPPORT_DOC_CONFIG` (`id`) ON DELETE RESTRICT ON UPDATE CASCADE,
  CONSTRAINT `NOMINATION_SUPPORT_DOC_ibfk_2` FOREIGN KEY (`NOMINATION_ID`) REFERENCES `NOMINATION` (`id`) ON DELETE RESTRICT ON UPDATE CASCADE
) ENGINE=InnoDB DEFAULT CHARSET=utf8mb4 COLLATE=utf8mb4_unicode_ci;

/*Data for the table `NOMINATION_SUPPORT_DOC` */

/*Table structure for table `OBJECTION` */

DROP TABLE IF EXISTS `OBJECTION`;

CREATE TABLE `OBJECTION` (
  `ID` varchar(36) COLLATE utf8mb4_unicode_ci NOT NULL,
  `DESCRIPTION` text COLLATE utf8mb4_unicode_ci,
  `CREATED_AT` bigint(20) DEFAULT NULL,
  `CREATED_BY` varchar(100) COLLATE utf8mb4_unicode_ci DEFAULT NULL,
  `CREATED_BY_TEAM_ID` varchar(36) COLLATE utf8mb4_unicode_ci DEFAULT NULL,
  `NOMINATION_ID` varchar(36) COLLATE utf8mb4_unicode_ci DEFAULT NULL,
  PRIMARY KEY (`ID`),
  KEY `NOMINATION_ID` (`NOMINATION_ID`),
  CONSTRAINT `OBJECTION_ibfk_1` FOREIGN KEY (`NOMINATION_ID`) REFERENCES `NOMINATION` (`id`) ON DELETE RESTRICT ON UPDATE CASCADE
) ENGINE=InnoDB DEFAULT CHARSET=utf8mb4 COLLATE=utf8mb4_unicode_ci;

/*Data for the table `OBJECTION` */

/*Table structure for table `OBJECTION_REVIEW` */

DROP TABLE IF EXISTS `OBJECTION_REVIEW`;

CREATE TABLE `OBJECTION_REVIEW` (
  `ID` varchar(36) COLLATE utf8mb4_unicode_ci NOT NULL,
  `CREATED_BY` varchar(100) COLLATE utf8mb4_unicode_ci DEFAULT NULL,
  `CREATED_AT` bigint(20) DEFAULT NULL,
  `NOTE` text COLLATE utf8mb4_unicode_ci,
  `OBJECTION_ID` varchar(36) COLLATE utf8mb4_unicode_ci DEFAULT NULL,
  `STATUS` enum('APPROVED','REJECTED') COLLATE utf8mb4_unicode_ci DEFAULT NULL,
  PRIMARY KEY (`ID`),
  KEY `OBJECTION_ID` (`OBJECTION_ID`),
  CONSTRAINT `OBJECTION_REVIEW_ibfk_1` FOREIGN KEY (`OBJECTION_ID`) REFERENCES `OBJECTION` (`id`) ON DELETE RESTRICT ON UPDATE CASCADE
) ENGINE=InnoDB DEFAULT CHARSET=utf8mb4 COLLATE=utf8mb4_unicode_ci;

/*Data for the table `OBJECTION_REVIEW` */

/*Table structure for table `OBJECTION_SUPPORT_DOC` */

DROP TABLE IF EXISTS `OBJECTION_SUPPORT_DOC`;

CREATE TABLE `OBJECTION_SUPPORT_DOC` (
  `ID` varchar(36) COLLATE utf8mb4_unicode_ci NOT NULL,
  `FILE_PATH` varchar(300) COLLATE utf8mb4_unicode_ci DEFAULT NULL,
  `SUPPORT_DOC_CONFIG_ID` varchar(36) COLLATE utf8mb4_unicode_ci DEFAULT NULL,
  `OBJECTION_ID` varchar(36) COLLATE utf8mb4_unicode_ci DEFAULT NULL,
  PRIMARY KEY (`ID`),
  KEY `SUPPORT_DOC_CONFIG_ID` (`SUPPORT_DOC_CONFIG_ID`),
  KEY `OBJECTION_ID` (`OBJECTION_ID`),
  CONSTRAINT `OBJECTION_SUPPORT_DOC_ibfk_1` FOREIGN KEY (`SUPPORT_DOC_CONFIG_ID`) REFERENCES `SUPPORT_DOC_CONFIG` (`id`) ON DELETE RESTRICT ON UPDATE CASCADE,
  CONSTRAINT `OBJECTION_SUPPORT_DOC_ibfk_2` FOREIGN KEY (`OBJECTION_ID`) REFERENCES `OBJECTION` (`id`) ON DELETE RESTRICT ON UPDATE CASCADE
) ENGINE=InnoDB DEFAULT CHARSET=utf8mb4 COLLATE=utf8mb4_unicode_ci;

/*Data for the table `OBJECTION_SUPPORT_DOC` */

/*Table structure for table `PAYMENT` */

DROP TABLE IF EXISTS `PAYMENT`;

CREATE TABLE `PAYMENT` (
  `ID` varchar(36) COLLATE utf8mb4_unicode_ci NOT NULL,
  `DEPOSITOR` varchar(100) COLLATE utf8mb4_unicode_ci DEFAULT NULL,
  `DEPOSIT_DATE` bigint(20) DEFAULT NULL,
  `AMOUNT` decimal(13,4) DEFAULT NULL,
  `FILE_PATH` varchar(300) COLLATE utf8mb4_unicode_ci DEFAULT NULL,
  `STATUS` enum('PENDING','APPROVE','REJECT') COLLATE utf8mb4_unicode_ci DEFAULT NULL,
  `CREATED_BY` varchar(50) COLLATE utf8mb4_unicode_ci DEFAULT NULL,
  `CREATED_AT` bigint(20) DEFAULT NULL,
  `UPDATED_AT` bigint(20) DEFAULT NULL,
  `NOMINATION_ID` varchar(36) COLLATE utf8mb4_unicode_ci DEFAULT NULL,
  `NOTE` text COLLATE utf8mb4_unicode_ci,
  PRIMARY KEY (`ID`),
  KEY `NOMINATION_ID` (`NOMINATION_ID`),
  CONSTRAINT `PAYMENT_ibfk_1` FOREIGN KEY (`NOMINATION_ID`) REFERENCES `NOMINATION` (`id`) ON DELETE RESTRICT ON UPDATE CASCADE
) ENGINE=InnoDB DEFAULT CHARSET=utf8mb4 COLLATE=utf8mb4_unicode_ci;

/*Data for the table `PAYMENT` */

/*Table structure for table `SUPPORT_DOC_CONFIG` */

DROP TABLE IF EXISTS `SUPPORT_DOC_CONFIG`;

CREATE TABLE `SUPPORT_DOC_CONFIG` (
  `ID` varchar(36) COLLATE utf8mb4_unicode_ci NOT NULL,
  `KEY_NAME` varchar(50) COLLATE utf8mb4_unicode_ci NOT NULL,
  `DESCRIPTION` varchar(100) COLLATE utf8mb4_unicode_ci DEFAULT NULL,
  `DOC_CATEGORY` enum('NOMINATION','CANDIDATE','OBJECTION','PAYMENT') CHARACTER SET utf8mb4 COLLATE utf8mb4_unicode_ci DEFAULT NULL,
  PRIMARY KEY (`ID`)
) ENGINE=InnoDB DEFAULT CHARSET=utf8mb4 COLLATE=utf8mb4_unicode_ci;

/*Data for the table `SUPPORT_DOC_CONFIG` */

insert  into `SUPPORT_DOC_CONFIG`(`ID`,`KEY_NAME`,`DESCRIPTION`,`DOC_CATEGORY`) values ('15990459-2ea4-413f-b1f7-29a138fd7a97','Affidavit','Affidavit','CANDIDATE'),('31232','Scan of Security Deposit Payment Slip','nomination pay slip','PAYMENT'),('32423','Declaration of Asset & Liabilities Form','ss','CANDIDATE'),('3fac66f2-302c-4d27-b9ae-1d004037a9ba','Declaration of Female Representation','Declaration form that denotes the precentage of female representation for the nomination','NOMINATION'),('59f4d9df-006b-4d7c-82dc-736041e97f37','Objection Support Document','Submit any type of document related to objection','OBJECTION'),('b20dd58c-e5bb-469d-98c9-8711d6da1879','Completed & Signed Nomination Form','Completed & Signed Nomination Form','NOMINATION'),('fe2c2d7e-66de-406a-b887-1143023f8e72','National Identity Card (NIC)','National Identity Card (NIC)','CANDIDATE'),('ff4c6768-bdbe-4a16-b680-5fecb6b1f747','Birth Certificate','Birth Certificate','CANDIDATE');

/*Table structure for table `SUPPORT_DOC_CONFIG_DATA` */

DROP TABLE IF EXISTS `SUPPORT_DOC_CONFIG_DATA`;

CREATE TABLE `SUPPORT_DOC_CONFIG_DATA` (
  `ID` varchar(36) COLLATE utf8mb4_unicode_ci NOT NULL,
  `SUPPORT_DOC_CONFIG_ID` varchar(36) COLLATE utf8mb4_unicode_ci NOT NULL,
  `MODULE_ID` varchar(36) COLLATE utf8mb4_unicode_ci NOT NULL,
  PRIMARY KEY (`ID`),
  KEY `MODULE_ID` (`MODULE_ID`),
  KEY `SUPPORT_DOC_CONFIG_ID` (`SUPPORT_DOC_CONFIG_ID`),
  CONSTRAINT `SUPPORT_DOC_CONFIG_DATA_ibfk_1` FOREIGN KEY (`MODULE_ID`) REFERENCES `ELECTION_MODULE` (`id`) ON DELETE RESTRICT ON UPDATE CASCADE,
  CONSTRAINT `SUPPORT_DOC_CONFIG_DATA_ibfk_2` FOREIGN KEY (`SUPPORT_DOC_CONFIG_ID`) REFERENCES `SUPPORT_DOC_CONFIG` (`id`) ON DELETE RESTRICT ON UPDATE CASCADE
) ENGINE=InnoDB DEFAULT CHARSET=utf8mb4 COLLATE=utf8mb4_unicode_ci;

/*Data for the table `SUPPORT_DOC_CONFIG_DATA` */

insert  into `SUPPORT_DOC_CONFIG_DATA`(`ID`,`SUPPORT_DOC_CONFIG_ID`,`MODULE_ID`) values ('074ff724-36bc-4567-8867-02e5e1f956b6','ff4c6768-bdbe-4a16-b680-5fecb6b1f747','a7d6a31e-bccc-400b-931e-72e9bc859cf9'),('08a82b92-06f8-4f33-a991-d26fdac3059d','fe2c2d7e-66de-406a-b887-1143023f8e72','0ef56c85-1b58-4996-976c-a0484d48ef80'),('0f445cb1-ab2d-4a3d-a385-b02070acb2c1','fe2c2d7e-66de-406a-b887-1143023f8e72','27757873-ed40-49f7-947b-48b432a1b062'),('1c975d90-e4b2-4e43-be2b-a37e91172e52','15990459-2ea4-413f-b1f7-29a138fd7a97','a0db7265-7b0f-49bc-9783-704af17de520'),('1f28e15f-9f1c-4b23-b2dd-ef8502e3d84c','15990459-2ea4-413f-b1f7-29a138fd7a97','27757873-ed40-49f7-947b-48b432a1b062'),('36ff864f-4fc2-4d29-91d0-43e1398c009c','15990459-2ea4-413f-b1f7-29a138fd7a97','0ef56c85-1b58-4996-976c-a0484d48ef80'),('3c220808-643d-496c-8f7a-ac18190365c2','fe2c2d7e-66de-406a-b887-1143023f8e72','c59b899a-90b5-45f5-97a1-1ddfaa7366d7'),('476e6832-7b11-44a0-91ed-f422fbe506d5','32423','fee08feb-a595-44c4-8196-7ef84bc3c640'),('47d1a26c-18e5-46b4-8594-e6ccff0eb063','ff4c6768-bdbe-4a16-b680-5fecb6b1f747','0ef56c85-1b58-4996-976c-a0484d48ef80'),('4c8b43a2-2b55-4877-a875-6f517e1414ae','32423','a0db7265-7b0f-49bc-9783-704af17de520'),('5b627b5a-007d-4a99-9538-bfa4273b2739','ff4c6768-bdbe-4a16-b680-5fecb6b1f747','c59b899a-90b5-45f5-97a1-1ddfaa7366d7'),('68840f9b-bbe9-4c71-bfd4-7e5bbc0138b3','32423','e5ccab36-4029-410f-992e-03d81453d02e'),('7d9c5815-e062-4991-8358-00a8a601cb36','15990459-2ea4-413f-b1f7-29a138fd7a97','2a1f626f-47db-409b-9f7b-6121c76ba4cf'),('8a96292a-e214-403d-9126-6b4433a1ecf9','15990459-2ea4-413f-b1f7-29a138fd7a97','c59b899a-90b5-45f5-97a1-1ddfaa7366d7'),('91042158-166a-4482-8787-d364d8a7f876','fe2c2d7e-66de-406a-b887-1143023f8e72','fee08feb-a595-44c4-8196-7ef84bc3c640'),('921f68f5-0ef7-46b4-a3e8-fcf352b90d8e','15990459-2ea4-413f-b1f7-29a138fd7a97','7e3a179d-41ab-4dca-a478-b939834f7c40'),('a5653699-268d-4acc-ba44-d74f7cace800','fe2c2d7e-66de-406a-b887-1143023f8e72','a0db7265-7b0f-49bc-9783-704af17de520'),('ae6a2286-f6a1-4beb-bafa-6c503bac4a38','15990459-2ea4-413f-b1f7-29a138fd7a97','a7d6a31e-bccc-400b-931e-72e9bc859cf9'),('afd7cc9d-10a9-4a4e-8972-a31fe962fbac','ff4c6768-bdbe-4a16-b680-5fecb6b1f747','c10a9037-773e-41bb-a219-c70722545a0d'),('b2d50ea1-a656-4fd5-8029-0163c040b289','15990459-2ea4-413f-b1f7-29a138fd7a97','c10a9037-773e-41bb-a219-c70722545a0d'),('bc0ea868-7dde-46ea-a75f-ff7bd89a583e','fe2c2d7e-66de-406a-b887-1143023f8e72','e5ccab36-4029-410f-992e-03d81453d02e'),('c4cd940d-f22d-482b-9899-ffdd412789bf','15990459-2ea4-413f-b1f7-29a138fd7a97','e5ccab36-4029-410f-992e-03d81453d02e'),('d4539a3e-37a4-47a9-9ff1-d6e684ca0ed0','fe2c2d7e-66de-406a-b887-1143023f8e72','a7d6a31e-bccc-400b-931e-72e9bc859cf9'),('d70ac9e8-727b-46dd-a6a1-05511e3142e1','fe2c2d7e-66de-406a-b887-1143023f8e72','c10a9037-773e-41bb-a219-c70722545a0d'),('e30a3165-ddcc-4373-98cc-59632a70d31e','ff4c6768-bdbe-4a16-b680-5fecb6b1f747','27757873-ed40-49f7-947b-48b432a1b062'),('e5e7f6e0-d362-41ad-9f07-29f91376a7d4','15990459-2ea4-413f-b1f7-29a138fd7a97','fee08feb-a595-44c4-8196-7ef84bc3c640');

/*Table structure for table `TEAM_CONFIG` */

DROP TABLE IF EXISTS `TEAM_CONFIG`;

CREATE TABLE `TEAM_CONFIG` (
  `ID` varchar(36) COLLATE utf8mb4_unicode_ci NOT NULL,
  `TEAM_NAME` varchar(200) COLLATE utf8mb4_unicode_ci DEFAULT NULL,
  PRIMARY KEY (`ID`)
) ENGINE=InnoDB DEFAULT CHARSET=utf8mb4 COLLATE=utf8mb4_unicode_ci;

/*Data for the table `TEAM_CONFIG` */

insert  into `TEAM_CONFIG`(`ID`,`TEAM_NAME`) values ('1111','United National Party ( UNP )'),('2222','United People\'s Freedom Alliance ( UPFA )'),('3333','Janatha Vimukthi Peramuna ( JVP )'),('4444','Jana Setha Peramuna ( JSP )');

/*Table structure for table `USER` */

DROP TABLE IF EXISTS `USER`;

CREATE TABLE `USER` (
  `ID` varchar(36) COLLATE utf8mb4_unicode_ci NOT NULL,
  `NAME` varchar(45) COLLATE utf8mb4_unicode_ci DEFAULT NULL,
  PRIMARY KEY (`ID`)
) ENGINE=InnoDB DEFAULT CHARSET=utf8mb4 COLLATE=utf8mb4_unicode_ci;

/*Data for the table `USER` */

insert  into `USER`(`ID`,`NAME`) values ('123','CLEMENT');

/*!40101 SET SQL_MODE=@OLD_SQL_MODE */;
/*!40014 SET FOREIGN_KEY_CHECKS=@OLD_FOREIGN_KEY_CHECKS */;
/*!40014 SET UNIQUE_CHECKS=@OLD_UNIQUE_CHECKS */;
/*!40111 SET SQL_NOTES=@OLD_SQL_NOTES */;
