/*
SQLyog Ultimate v11.11 (64 bit)
MySQL - 8.0.13 : Database - EC_NOMINATION
*********************************************************************
*/

/*!40101 SET NAMES utf8 */;

/*!40101 SET SQL_MODE=''*/;

/*!40014 SET @OLD_UNIQUE_CHECKS=@@UNIQUE_CHECKS, UNIQUE_CHECKS=0 */;
/*!40014 SET @OLD_FOREIGN_KEY_CHECKS=@@FOREIGN_KEY_CHECKS, FOREIGN_KEY_CHECKS=0 */;
/*!40101 SET @OLD_SQL_MODE=@@SQL_MODE, SQL_MODE='NO_AUTO_VALUE_ON_ZERO' */;
/*!40111 SET @OLD_SQL_NOTES=@@SQL_NOTES, SQL_NOTES=0 */;
CREATE DATABASE /*!32312 IF NOT EXISTS*/`EC_NOMINATION` /*!40100 DEFAULT CHARACTER SET utf8mb4 COLLATE utf8mb4_unicode_ci */;

USE `EC_NOMINATION`;

/*Table structure for table `CANDIDATE` */

DROP TABLE IF EXISTS `CANDIDATE`;

CREATE TABLE `CANDIDATE` (
  `ID` varchar(36) COLLATE utf8mb4_unicode_ci NOT NULL,
  `FULL_NAME` varchar(200) COLLATE utf8mb4_unicode_ci DEFAULT NULL,
  `PREFERRED_NAME` varchar(50) COLLATE utf8mb4_unicode_ci DEFAULT NULL,
  `NIC` varchar(15) COLLATE utf8mb4_unicode_ci DEFAULT NULL,
  `DATE_OF_BIRTH` bigint(20) DEFAULT NULL,
  `GENDER` varchar(6) COLLATE utf8mb4_unicode_ci DEFAULT NULL,
  `ADDRESS` varchar(300) COLLATE utf8mb4_unicode_ci DEFAULT NULL,
  `OCCUPATION` varchar(20) COLLATE utf8mb4_unicode_ci DEFAULT NULL,
  `ELECTORAL_DIVISION_NAME` varchar(50) COLLATE utf8mb4_unicode_ci DEFAULT NULL,
  `ELECTORAL_DIVISION_CODE` varchar(10) COLLATE utf8mb4_unicode_ci DEFAULT NULL,
  `COUNSIL_NAME` varchar(20) COLLATE utf8mb4_unicode_ci DEFAULT NULL,
  `NOMINATION_ID` varchar(36) COLLATE utf8mb4_unicode_ci DEFAULT NULL,
  PRIMARY KEY (`ID`),
  KEY `NOMINATION_ID` (`NOMINATION_ID`),
  CONSTRAINT `CANDIDATE_ibfk_1` FOREIGN KEY (`NOMINATION_ID`) REFERENCES `NOMINATION` (`id`) ON DELETE RESTRICT ON UPDATE CASCADE
) ENGINE=InnoDB DEFAULT CHARSET=utf8mb4 COLLATE=utf8mb4_unicode_ci;

/*Data for the table `CANDIDATE` */

/*Table structure for table `CANDIDATE_CONFIG` */

DROP TABLE IF EXISTS `CANDIDATE_CONFIG`;

CREATE TABLE `CANDIDATE_CONFIG` (
  `ID` varchar(36) COLLATE utf8mb4_unicode_ci NOT NULL,
  `KEY_NAME` varchar(50) COLLATE utf8mb4_unicode_ci DEFAULT NULL,
  `DESCRIPTION` varchar(100) COLLATE utf8mb4_unicode_ci DEFAULT NULL,
  PRIMARY KEY (`ID`)
) ENGINE=InnoDB DEFAULT CHARSET=utf8mb4 COLLATE=utf8mb4_unicode_ci;

/*Data for the table `CANDIDATE_CONFIG` */

insert  into `CANDIDATE_CONFIG`(`ID`,`KEY_NAME`,`DESCRIPTION`) values ('1','FULL_NAME','Name Of Candidate (Full Name)'),('2','PREFERRED_NAME','Preferred Name'),('3','NIC','National Identity Card (NIC)'),('4','DATE_OF_BIRTH','Date of Birth'),('5','GENDER','Gender'),('6','ADDRESS','Address'),('7','OCCUPATION','Occupation');

/*Table structure for table `CANDIDATE_CONFIG_DATA` */

DROP TABLE IF EXISTS `CANDIDATE_CONFIG_DATA`;

CREATE TABLE `CANDIDATE_CONFIG_DATA` (
  `ID` varchar(36) COLLATE utf8mb4_unicode_ci NOT NULL,
  `MODULE_ID` varchar(36) COLLATE utf8mb4_unicode_ci DEFAULT NULL,
  `CANDIDATE_CONFIG_ID` varchar(36) COLLATE utf8mb4_unicode_ci DEFAULT NULL,
  PRIMARY KEY (`ID`),
  KEY `MODULE_ID` (`MODULE_ID`),
  KEY `CANDIDATE_CONFIG_ID` (`CANDIDATE_CONFIG_ID`),
  CONSTRAINT `CANDIDATE_CONFIG_DATA_ibfk_1` FOREIGN KEY (`MODULE_ID`) REFERENCES `ELECTION_MODULE` (`id`) ON DELETE RESTRICT ON UPDATE CASCADE,
  CONSTRAINT `CANDIDATE_CONFIG_DATA_ibfk_2` FOREIGN KEY (`CANDIDATE_CONFIG_ID`) REFERENCES `CANDIDATE_CONFIG` (`id`) ON DELETE RESTRICT ON UPDATE CASCADE
) ENGINE=InnoDB DEFAULT CHARSET=utf8mb4 COLLATE=utf8mb4_unicode_ci;

/*Data for the table `CANDIDATE_CONFIG_DATA` */

insert  into `CANDIDATE_CONFIG_DATA`(`ID`,`MODULE_ID`,`CANDIDATE_CONFIG_ID`) values ('0f7bf7c7-38ef-40cf-97d8-e4ce87eb3a0f','7180ca1c-20bf-46bd-91e1-32e301c80f35','7'),('1c45c874-c8d8-42c6-864b-397e3ca3688f','7180ca1c-20bf-46bd-91e1-32e301c80f35','5'),('61f076fc-ae01-4881-9500-cec089dc1370','7180ca1c-20bf-46bd-91e1-32e301c80f35','6'),('69b19d6d-4585-49dc-84d6-4fe43ea1c7e2','7180ca1c-20bf-46bd-91e1-32e301c80f35','2'),('c0dbd677-5efc-46d7-a505-e66dbb24622c','7180ca1c-20bf-46bd-91e1-32e301c80f35','3'),('cd2ef8ff-f4fa-4bdc-a88d-e7271fab297c','7180ca1c-20bf-46bd-91e1-32e301c80f35','4'),('d3268869-232e-4884-9eac-eb0221ea4636','7180ca1c-20bf-46bd-91e1-32e301c80f35','1');

/*Table structure for table `CANDIDATE_SUPPORT_DOC` */

DROP TABLE IF EXISTS `CANDIDATE_SUPPORT_DOC`;

CREATE TABLE `CANDIDATE_SUPPORT_DOC` (
  `ID` varchar(36) COLLATE utf8mb4_unicode_ci NOT NULL,
  `ORIGINAL_NAME` varchar(100) COLLATE utf8mb4_unicode_ci DEFAULT NULL,
  `FILE_PATH` varchar(200) COLLATE utf8mb4_unicode_ci DEFAULT NULL,
  `SUPPORT_DOC_CONFIG_ID` varchar(36) COLLATE utf8mb4_unicode_ci DEFAULT NULL,
  `CANDIDATE_ID` varchar(36) COLLATE utf8mb4_unicode_ci DEFAULT NULL,
  `NOMINATION_ID` varchar(36) COLLATE utf8mb4_unicode_ci DEFAULT NULL,
  `STATUS` enum('NEW','DELETE') COLLATE utf8mb4_unicode_ci DEFAULT NULL,
  PRIMARY KEY (`ID`),
  KEY `SUPPORT_DOC_CONFIG_ID` (`SUPPORT_DOC_CONFIG_ID`),
  KEY `CANDIDATE_ID` (`CANDIDATE_ID`),
  KEY `NOMINATION_ID` (`NOMINATION_ID`),
  CONSTRAINT `CANDIDATE_SUPPORT_DOC_ibfk_1` FOREIGN KEY (`SUPPORT_DOC_CONFIG_ID`) REFERENCES `SUPPORT_DOC_CONFIG` (`id`) ON DELETE RESTRICT ON UPDATE CASCADE,
  CONSTRAINT `CANDIDATE_SUPPORT_DOC_ibfk_2` FOREIGN KEY (`CANDIDATE_ID`) REFERENCES `CANDIDATE` (`id`) ON DELETE RESTRICT ON UPDATE CASCADE,
  CONSTRAINT `CANDIDATE_SUPPORT_DOC_ibfk_3` FOREIGN KEY (`NOMINATION_ID`) REFERENCES `NOMINATION` (`id`) ON DELETE RESTRICT ON UPDATE CASCADE
) ENGINE=InnoDB DEFAULT CHARSET=utf8mb4 COLLATE=utf8mb4_unicode_ci;

/*Data for the table `CANDIDATE_SUPPORT_DOC` */

/*Table structure for table `DIVISION_CONFIG` */

DROP TABLE IF EXISTS `DIVISION_CONFIG`;

CREATE TABLE `DIVISION_CONFIG` (
  `ID` varchar(36) COLLATE utf8mb4_unicode_ci NOT NULL,
  `NAME` varchar(100) COLLATE utf8mb4_unicode_ci NOT NULL,
  `CODE` varchar(10) COLLATE utf8mb4_unicode_ci NOT NULL,
  `NO_OF_CANDIDATES` int(5) NOT NULL,
  `MODULE_ID` varchar(36) COLLATE utf8mb4_unicode_ci DEFAULT NULL,
  PRIMARY KEY (`ID`),
  KEY `MODULE_ID` (`MODULE_ID`),
  CONSTRAINT `DIVISION_CONFIG_ibfk_1` FOREIGN KEY (`MODULE_ID`) REFERENCES `ELECTION_MODULE` (`id`) ON DELETE RESTRICT ON UPDATE CASCADE
) ENGINE=InnoDB DEFAULT CHARSET=utf8mb4 COLLATE=utf8mb4_unicode_ci;

/*Data for the table `DIVISION_CONFIG` */

insert  into `DIVISION_CONFIG`(`ID`,`NAME`,`CODE`,`NO_OF_CANDIDATES`,`MODULE_ID`) values ('2c130539-41b2-440b-a8a8-b7d0bec2acec','Uva','001',38,'7180ca1c-20bf-46bd-91e1-32e301c80f35'),('43c9f21d-e98d-4826-aa61-c1338662bfd8','Wayamba','005',56,'7180ca1c-20bf-46bd-91e1-32e301c80f35'),('5f92f166-3098-4e4a-b8cc-65b77a070ad2','South','004',62,'7180ca1c-20bf-46bd-91e1-32e301c80f35'),('d7a252e6-ef2f-4d41-b44f-e54b731c994b','Western ','002',111,'7180ca1c-20bf-46bd-91e1-32e301c80f35'),('e05bd742-75ba-4ba7-bcae-c13a6c9bff5b','Central ','003',65,'7180ca1c-20bf-46bd-91e1-32e301c80f35');

/*Table structure for table `DIVISION_CONFIG_DATA` */

DROP TABLE IF EXISTS `DIVISION_CONFIG_DATA`;

CREATE TABLE `DIVISION_CONFIG_DATA` (
  `ELECTION_ID` varchar(36) COLLATE utf8mb4_unicode_ci NOT NULL,
  `DIVISION_CONFIG_ID` varchar(36) COLLATE utf8mb4_unicode_ci NOT NULL,
  `SELECT_FLAG` tinyint(1) DEFAULT NULL,
  PRIMARY KEY (`ELECTION_ID`,`DIVISION_CONFIG_ID`),
  KEY `DIVISION_CONFIG_ID` (`DIVISION_CONFIG_ID`),
  CONSTRAINT `DIVISION_CONFIG_DATA_ibfk_1` FOREIGN KEY (`ELECTION_ID`) REFERENCES `ELECTION` (`id`) ON DELETE RESTRICT ON UPDATE CASCADE,
  CONSTRAINT `DIVISION_CONFIG_DATA_ibfk_2` FOREIGN KEY (`DIVISION_CONFIG_ID`) REFERENCES `DIVISION_CONFIG` (`id`) ON DELETE RESTRICT ON UPDATE CASCADE
) ENGINE=InnoDB DEFAULT CHARSET=utf8mb4 COLLATE=utf8mb4_unicode_ci;

/*Data for the table `DIVISION_CONFIG_DATA` */

/*Table structure for table `ELECTION` */

DROP TABLE IF EXISTS `ELECTION`;

CREATE TABLE `ELECTION` (
  `ID` varchar(36) COLLATE utf8mb4_unicode_ci NOT NULL,
  `NAME` varchar(100) COLLATE utf8mb4_unicode_ci NOT NULL,
  `CREATED_BY` varchar(50) COLLATE utf8mb4_unicode_ci DEFAULT NULL,
  `CREATED_AT` bigint(20) DEFAULT NULL,
  `UPDATED_AT` bigint(20) DEFAULT NULL,
  `MODULE_ID` varchar(36) COLLATE utf8mb4_unicode_ci DEFAULT NULL,
  PRIMARY KEY (`ID`),
  KEY `MODULE_ID` (`MODULE_ID`),
  CONSTRAINT `ELECTION_ibfk_1` FOREIGN KEY (`MODULE_ID`) REFERENCES `ELECTION_MODULE` (`id`) ON DELETE RESTRICT ON UPDATE CASCADE
) ENGINE=InnoDB DEFAULT CHARSET=utf8mb4 COLLATE=utf8mb4_unicode_ci;

/*Data for the table `ELECTION` */

insert  into `ELECTION`(`ID`,`NAME`,`CREATED_BY`,`CREATED_AT`,`UPDATED_AT`,`MODULE_ID`) values ('f2448efc-f1a4-4417-81ff-5ca11f216b54','Provincial Council 2019','admin',1557313005000,1557313005000,'7180ca1c-20bf-46bd-91e1-32e301c80f35');

/*Table structure for table `ELECTION_APPROVAL` */

DROP TABLE IF EXISTS `ELECTION_APPROVAL`;

CREATE TABLE `ELECTION_APPROVAL` (
  `ID` varchar(36) COLLATE utf8mb4_unicode_ci NOT NULL,
  `STATUS` enum('PENDING','APPROVE','REJECT') COLLATE utf8mb4_unicode_ci DEFAULT NULL,
  `APPROVED_BY` varchar(50) COLLATE utf8mb4_unicode_ci DEFAULT NULL,
  `APPROVED_AT` bigint(20) DEFAULT NULL,
  `UPDATED_AT` bigint(20) DEFAULT NULL,
  `ELECTION_ID` varchar(36) COLLATE utf8mb4_unicode_ci DEFAULT NULL,
  PRIMARY KEY (`ID`),
  KEY `ELECTION_ID` (`ELECTION_ID`),
  CONSTRAINT `ELECTION_APPROVAL_ibfk_1` FOREIGN KEY (`ELECTION_ID`) REFERENCES `ELECTION` (`id`) ON DELETE RESTRICT ON UPDATE CASCADE
) ENGINE=InnoDB DEFAULT CHARSET=utf8mb4 COLLATE=utf8mb4_unicode_ci;

/*Data for the table `ELECTION_APPROVAL` */

insert  into `ELECTION_APPROVAL`(`ID`,`STATUS`,`APPROVED_BY`,`APPROVED_AT`,`UPDATED_AT`,`ELECTION_ID`) values ('5674a8b6-aa5a-4b7d-8cef-de894a598a6f','APPROVE','admin',1557313005000,1557313065000,'f2448efc-f1a4-4417-81ff-5ca11f216b54');

/*Table structure for table `ELECTION_CONFIG` */

DROP TABLE IF EXISTS `ELECTION_CONFIG`;

CREATE TABLE `ELECTION_CONFIG` (
  `ID` varchar(36) COLLATE utf8mb4_unicode_ci NOT NULL,
  `KEY_NAME` varchar(50) COLLATE utf8mb4_unicode_ci DEFAULT NULL,
  `DESCRIPTION` varchar(100) COLLATE utf8mb4_unicode_ci DEFAULT NULL,
  PRIMARY KEY (`ID`)
) ENGINE=InnoDB DEFAULT CHARSET=utf8mb4 COLLATE=utf8mb4_unicode_ci;

/*Data for the table `ELECTION_CONFIG` */

insert  into `ELECTION_CONFIG`(`ID`,`KEY_NAME`,`DESCRIPTION`) values ('1','candidate payment','payment pert candidate'),('2','weightageVoteBased','weightage vote'),('3','weightagePrefarenceBased','weightage prefarence');

/*Table structure for table `ELECTION_CONFIG_DATA` */

DROP TABLE IF EXISTS `ELECTION_CONFIG_DATA`;

CREATE TABLE `ELECTION_CONFIG_DATA` (
  `ID` varchar(36) COLLATE utf8mb4_unicode_ci NOT NULL,
  `VALUE` varchar(100) COLLATE utf8mb4_unicode_ci NOT NULL,
  `ELECTION_CONFIG_ID` varchar(36) CHARACTER SET utf8mb4 COLLATE utf8mb4_unicode_ci DEFAULT NULL,
  `ELECTION_ID` varchar(36) CHARACTER SET utf8mb4 COLLATE utf8mb4_unicode_ci DEFAULT NULL,
  PRIMARY KEY (`ID`),
  KEY `ELECTION_CONFIG_ID` (`ELECTION_CONFIG_ID`),
  KEY `ELECTION_ID` (`ELECTION_ID`),
  CONSTRAINT `ELECTION_CONFIG_DATA_ibfk_1` FOREIGN KEY (`ELECTION_CONFIG_ID`) REFERENCES `ELECTION_CONFIG` (`id`) ON DELETE RESTRICT ON UPDATE CASCADE,
  CONSTRAINT `ELECTION_CONFIG_DATA_ibfk_2` FOREIGN KEY (`ELECTION_ID`) REFERENCES `ELECTION` (`id`) ON DELETE RESTRICT ON UPDATE CASCADE
) ENGINE=InnoDB DEFAULT CHARSET=utf8mb4 COLLATE=utf8mb4_unicode_ci;

/*Data for the table `ELECTION_CONFIG_DATA` */

/*Table structure for table `ELECTION_MODULE` */

DROP TABLE IF EXISTS `ELECTION_MODULE`;

CREATE TABLE `ELECTION_MODULE` (
  `ID` varchar(36) COLLATE utf8mb4_unicode_ci NOT NULL,
  `NAME` varchar(100) COLLATE utf8mb4_unicode_ci NOT NULL,
  `DIVISION_COMMON_NAME` varchar(20) COLLATE utf8mb4_unicode_ci DEFAULT NULL,
  `CREATED_BY` varchar(50) COLLATE utf8mb4_unicode_ci DEFAULT NULL,
  `CREATED_AT` bigint(20) DEFAULT NULL,
  `UPDATED_AT` bigint(20) DEFAULT NULL,
  PRIMARY KEY (`ID`)
) ENGINE=InnoDB DEFAULT CHARSET=utf8mb4 COLLATE=utf8mb4_unicode_ci;

/*Data for the table `ELECTION_MODULE` */

insert  into `ELECTION_MODULE`(`ID`,`NAME`,`DIVISION_COMMON_NAME`,`CREATED_BY`,`CREATED_AT`,`UPDATED_AT`) values ('7180ca1c-20bf-46bd-91e1-32e301c80f35','Provincial Council  ','Province','admin',1557308032,1557308054000);

/*Table structure for table `ELECTION_MODULE_APPROVAL` */

DROP TABLE IF EXISTS `ELECTION_MODULE_APPROVAL`;

CREATE TABLE `ELECTION_MODULE_APPROVAL` (
  `ID` varchar(36) COLLATE utf8mb4_unicode_ci NOT NULL,
  `STATUS` enum('PENDING','APPROVE','REJECT') COLLATE utf8mb4_unicode_ci DEFAULT NULL,
  `APPROVED_BY` varchar(50) COLLATE utf8mb4_unicode_ci DEFAULT NULL,
  `APPROVED_AT` bigint(20) DEFAULT NULL,
  `UPDATED_AT` bigint(20) DEFAULT NULL,
  `MODULE_ID` varchar(36) COLLATE utf8mb4_unicode_ci DEFAULT NULL,
  PRIMARY KEY (`ID`),
  KEY `MODULE_ID` (`MODULE_ID`),
  CONSTRAINT `ELECTION_MODULE_APPROVAL_ibfk_1` FOREIGN KEY (`MODULE_ID`) REFERENCES `ELECTION_MODULE` (`id`) ON DELETE RESTRICT ON UPDATE CASCADE
) ENGINE=InnoDB DEFAULT CHARSET=utf8mb4 COLLATE=utf8mb4_unicode_ci;

/*Data for the table `ELECTION_MODULE_APPROVAL` */

insert  into `ELECTION_MODULE_APPROVAL`(`ID`,`STATUS`,`APPROVED_BY`,`APPROVED_AT`,`UPDATED_AT`,`MODULE_ID`) values ('f5a232b1-a769-449d-baa6-b0fac654b075','APPROVE','admin',1557308032,1557308032,'7180ca1c-20bf-46bd-91e1-32e301c80f35');

/*Table structure for table `ELECTION_MODULE_CONFIG` */

DROP TABLE IF EXISTS `ELECTION_MODULE_CONFIG`;

CREATE TABLE `ELECTION_MODULE_CONFIG` (
  `ID` varchar(36) COLLATE utf8mb4_unicode_ci NOT NULL,
  `KEY_NAME` varchar(50) COLLATE utf8mb4_unicode_ci DEFAULT NULL,
  `DESCRIPTION` varchar(100) COLLATE utf8mb4_unicode_ci DEFAULT NULL,
  PRIMARY KEY (`ID`)
) ENGINE=InnoDB DEFAULT CHARSET=utf8mb4 COLLATE=utf8mb4_unicode_ci;

/*Data for the table `ELECTION_MODULE_CONFIG` */

insert  into `ELECTION_MODULE_CONFIG`(`ID`,`KEY_NAME`,`DESCRIPTION`) values ('123213','candidate payment','candidate payment amount'),('1243123','nomination submission by',NULL),('142343242343','create allayance',NULL),('15990459-2ea4-413f-b1f7-29a138fd7a97','cal type',NULL),('234433','weightagePrefarenceBased',NULL),('2353453','authority',NULL),('253454355','objection allowed',NULL),('324324','weightageVoteBased',NULL),('fe2c2d7e-66de-406a-b887-1143023f8e72','pay allowed',NULL),('ff4c6768-bdbe-4a16-b680-5fecb6b1f747','test',NULL);

/*Table structure for table `ELECTION_MODULE_CONFIG_DATA` */

DROP TABLE IF EXISTS `ELECTION_MODULE_CONFIG_DATA`;

CREATE TABLE `ELECTION_MODULE_CONFIG_DATA` (
  `ID` varchar(36) COLLATE utf8mb4_unicode_ci NOT NULL,
  `VALUE` varchar(100) CHARACTER SET utf8mb4 COLLATE utf8mb4_unicode_ci DEFAULT NULL,
  `ELECTION_MODULE_CONFIG_ID` varchar(36) COLLATE utf8mb4_unicode_ci NOT NULL,
  `MODULE_ID` varchar(36) COLLATE utf8mb4_unicode_ci NOT NULL,
  PRIMARY KEY (`ID`),
  KEY `MODULE_ID` (`MODULE_ID`),
  KEY `ELECTION_MODULE_CONFIG_ID` (`ELECTION_MODULE_CONFIG_ID`),
  CONSTRAINT `ELECTION_MODULE_CONFIG_DATA_ibfk_1` FOREIGN KEY (`MODULE_ID`) REFERENCES `ELECTION_MODULE` (`id`) ON DELETE RESTRICT ON UPDATE CASCADE,
  CONSTRAINT `ELECTION_MODULE_CONFIG_DATA_ibfk_2` FOREIGN KEY (`ELECTION_MODULE_CONFIG_ID`) REFERENCES `ELECTION_MODULE_CONFIG` (`id`) ON DELETE RESTRICT ON UPDATE CASCADE
) ENGINE=InnoDB DEFAULT CHARSET=utf8mb4 COLLATE=utf8mb4_unicode_ci;

/*Data for the table `ELECTION_MODULE_CONFIG_DATA` */

insert  into `ELECTION_MODULE_CONFIG_DATA`(`ID`,`VALUE`,`ELECTION_MODULE_CONFIG_ID`,`MODULE_ID`) values ('3eb7fc2b-e949-4c4e-af70-faaa04d495c9','vote_and_prefrence','15990459-2ea4-413f-b1f7-29a138fd7a97','7180ca1c-20bf-46bd-91e1-32e301c80f35'),('45a249fc-c53c-4fbb-9189-3aab5b68034d','a93b50c8-b6b0-4aa6-9b14-4817dbb268d9','2353453','7180ca1c-20bf-46bd-91e1-32e301c80f35'),('58178c19-bfb1-4270-80e5-998428f7d641','NotAllowed','142343242343','7180ca1c-20bf-46bd-91e1-32e301c80f35'),('838ee0a4-4f8c-43f5-acfa-d02fa9c6d598','2000','123213','7180ca1c-20bf-46bd-91e1-32e301c80f35'),('999b760f-9a6c-4c3c-950b-f6b644924267','Allowed','253454355','7180ca1c-20bf-46bd-91e1-32e301c80f35'),('b19724c1-5ef7-4df3-9f90-bc2651c48e36','Yes','fe2c2d7e-66de-406a-b887-1143023f8e72','7180ca1c-20bf-46bd-91e1-32e301c80f35'),('fe548b4e-0118-4759-b461-cdd6b34d2bfd','Independent Group Leader','1243123','7180ca1c-20bf-46bd-91e1-32e301c80f35');

/*Table structure for table `ELECTION_TEAM` */

DROP TABLE IF EXISTS `ELECTION_TEAM`;

CREATE TABLE `ELECTION_TEAM` (
  `ID` varchar(36) COLLATE utf8mb4_unicode_ci NOT NULL,
  `TEAM_ID` varchar(36) COLLATE utf8mb4_unicode_ci DEFAULT NULL,
  `ELECTION_ID` varchar(36) COLLATE utf8mb4_unicode_ci DEFAULT NULL,
  PRIMARY KEY (`ID`),
  KEY `ELECTION_ID` (`ELECTION_ID`),
  CONSTRAINT `ELECTION_TEAM_ibfk_1` FOREIGN KEY (`ELECTION_ID`) REFERENCES `ELECTION` (`id`) ON DELETE RESTRICT ON UPDATE CASCADE
) ENGINE=InnoDB DEFAULT CHARSET=utf8mb4 COLLATE=utf8mb4_unicode_ci;

/*Data for the table `ELECTION_TEAM` */

/*Table structure for table `ELECTION_TIMELINE` */

DROP TABLE IF EXISTS `ELECTION_TIMELINE`;

CREATE TABLE `ELECTION_TIMELINE` (
  `ID` varchar(36) COLLATE utf8mb4_unicode_ci NOT NULL,
  `NOMINATION_START` bigint(20) DEFAULT NULL,
  `NOMINATION_END` bigint(20) DEFAULT NULL,
  `OBJECTION_START` bigint(20) DEFAULT NULL,
  `OBJECTION_END` bigint(20) DEFAULT NULL,
  `ELECTION_ID` varchar(36) COLLATE utf8mb4_unicode_ci DEFAULT NULL,
  PRIMARY KEY (`ID`),
  KEY `ELECTION_ID` (`ELECTION_ID`),
  CONSTRAINT `ELECTION_TIMELINE_ibfk_1` FOREIGN KEY (`ELECTION_ID`) REFERENCES `ELECTION` (`id`) ON DELETE RESTRICT ON UPDATE CASCADE
) ENGINE=InnoDB DEFAULT CHARSET=utf8mb4 COLLATE=utf8mb4_unicode_ci;

/*Data for the table `ELECTION_TIMELINE` */

insert  into `ELECTION_TIMELINE`(`ID`,`NOMINATION_START`,`NOMINATION_END`,`OBJECTION_START`,`OBJECTION_END`,`ELECTION_ID`) values ('51ce83d4-1a48-4bf0-9962-0857243f51be',1557253800000,1557685800000,1557772200000,1558290600000,'f2448efc-f1a4-4417-81ff-5ca11f216b54');

/*Table structure for table `ELECTION_TIMELINE_CONFIG` */

DROP TABLE IF EXISTS `ELECTION_TIMELINE_CONFIG`;

CREATE TABLE `ELECTION_TIMELINE_CONFIG` (
  `ID` varchar(36) COLLATE utf8mb4_unicode_ci NOT NULL,
  `KEY_NAME` varchar(50) COLLATE utf8mb4_unicode_ci NOT NULL,
  `DESCRIPTION` varchar(100) COLLATE utf8mb4_unicode_ci DEFAULT NULL,
  PRIMARY KEY (`ID`)
) ENGINE=InnoDB DEFAULT CHARSET=utf8mb4 COLLATE=utf8mb4_unicode_ci;

/*Data for the table `ELECTION_TIMELINE_CONFIG` */

insert  into `ELECTION_TIMELINE_CONFIG`(`ID`,`KEY_NAME`,`DESCRIPTION`) values ('0f62755e-9784-4046-9804-8d4deed36f2a','nomination_start_date','Start date of Nomination in UNIX TIMESTAMP'),('64ae3e95-591a-4bf9-8a5b-10803e0eca82','objection_end_date','End date of Objection in UNIX TIMESTAMP'),('675ec08b-2937-4222-94a6-0143a94763f1','objection_start_date','Start date of Objection in UNIX TIMESTAMP'),('c06a789c-405c-4e7a-8df2-66766284589b','nomination_end_date','End date of Nomination in UNIX TIMESTAMP');

/*Table structure for table `ELECTION_TIMELINE_CONFIG_DATA` */

DROP TABLE IF EXISTS `ELECTION_TIMELINE_CONFIG_DATA`;

CREATE TABLE `ELECTION_TIMELINE_CONFIG_DATA` (
  `ID` varchar(36) COLLATE utf8mb4_unicode_ci NOT NULL,
  `ELECTION_TIMELINE_CONFIG_ID` varchar(36) CHARACTER SET utf8mb4 COLLATE utf8mb4_unicode_ci DEFAULT NULL,
  `ELECTION_ID` varchar(36) CHARACTER SET utf8mb4 COLLATE utf8mb4_unicode_ci DEFAULT NULL,
  `VALUE` bigint(20) DEFAULT NULL,
  PRIMARY KEY (`ID`),
  KEY `ELECTION_TIMELINE_CONFIG_ID` (`ELECTION_TIMELINE_CONFIG_ID`),
  KEY `ELECTION_ID` (`ELECTION_ID`),
  CONSTRAINT `ELECTION_TIMELINE_CONFIG_DATA_ibfk_1` FOREIGN KEY (`ELECTION_TIMELINE_CONFIG_ID`) REFERENCES `ELECTION_TIMELINE_CONFIG` (`id`) ON DELETE RESTRICT ON UPDATE CASCADE,
  CONSTRAINT `ELECTION_TIMELINE_CONFIG_DATA_ibfk_2` FOREIGN KEY (`ELECTION_ID`) REFERENCES `ELECTION` (`id`) ON DELETE RESTRICT ON UPDATE CASCADE
) ENGINE=InnoDB DEFAULT CHARSET=utf8mb4 COLLATE=utf8mb4_unicode_ci;

/*Data for the table `ELECTION_TIMELINE_CONFIG_DATA` */

/*Table structure for table `ELIGIBILITY_CONFIG` */

DROP TABLE IF EXISTS `ELIGIBILITY_CONFIG`;

CREATE TABLE `ELIGIBILITY_CONFIG` (
  `ID` varchar(36) COLLATE utf8mb4_unicode_ci NOT NULL,
  `DESCRIPTION` varchar(300) COLLATE utf8mb4_unicode_ci DEFAULT NULL,
  PRIMARY KEY (`ID`)
) ENGINE=InnoDB DEFAULT CHARSET=utf8mb4 COLLATE=utf8mb4_unicode_ci;

/*Data for the table `ELIGIBILITY_CONFIG` */

insert  into `ELIGIBILITY_CONFIG`(`ID`,`DESCRIPTION`) values ('1','Minimum age 35 years'),('2','Does not serve as a Judicial Officer'),('3','Does not serve as as the Commissioner-General'),('4','Does not serve as the Auditor-General'),('5','Does not serve as a Judicial Officer'),('6','Is not standing nominated as a candidate for election by more than one recognized political party or independent group in respect of any electoral district');

/*Table structure for table `ELIGIBILITY_CONFIG_DATA` */

DROP TABLE IF EXISTS `ELIGIBILITY_CONFIG_DATA`;

CREATE TABLE `ELIGIBILITY_CONFIG_DATA` (
  `ID` varchar(36) COLLATE utf8mb4_unicode_ci NOT NULL,
  `ELIGIBILITY_CONFIG_ID` varchar(36) CHARACTER SET utf8mb4 COLLATE utf8mb4_unicode_ci NOT NULL,
  `MODULE_ID` varchar(36) COLLATE utf8mb4_unicode_ci DEFAULT NULL,
  PRIMARY KEY (`ID`),
  KEY `MODULE_ID` (`MODULE_ID`),
  KEY `ELIGIBILITY_CONFIG_DATA_ibfk_2` (`ELIGIBILITY_CONFIG_ID`),
  CONSTRAINT `ELIGIBILITY_CONFIG_DATA_ibfk_1` FOREIGN KEY (`MODULE_ID`) REFERENCES `ELECTION_MODULE` (`id`) ON DELETE RESTRICT ON UPDATE CASCADE,
  CONSTRAINT `ELIGIBILITY_CONFIG_DATA_ibfk_2` FOREIGN KEY (`ELIGIBILITY_CONFIG_ID`) REFERENCES `ELIGIBILITY_CONFIG` (`id`) ON DELETE RESTRICT ON UPDATE CASCADE
) ENGINE=InnoDB DEFAULT CHARSET=utf8mb4 COLLATE=utf8mb4_unicode_ci;

/*Data for the table `ELIGIBILITY_CONFIG_DATA` */

insert  into `ELIGIBILITY_CONFIG_DATA`(`ID`,`ELIGIBILITY_CONFIG_ID`,`MODULE_ID`) values ('6a82fc9c-5a5b-462d-879d-441fb89a829e','2','7180ca1c-20bf-46bd-91e1-32e301c80f35'),('731ebe7d-3604-4d50-8b39-0a83dc6d27d4','3','7180ca1c-20bf-46bd-91e1-32e301c80f35'),('80a6c7e7-3349-4a7d-a9fe-048874f6a3d6','1','7180ca1c-20bf-46bd-91e1-32e301c80f35'),('9e54256b-f0f8-4d9b-a454-a176aece3aff','4','7180ca1c-20bf-46bd-91e1-32e301c80f35'),('f721cb67-8842-4dad-be42-20c1abbd9ccb','5','7180ca1c-20bf-46bd-91e1-32e301c80f35');

/*Table structure for table `NOMINATION` */

DROP TABLE IF EXISTS `NOMINATION`;

CREATE TABLE `NOMINATION` (
  `ID` varchar(36) COLLATE utf8mb4_unicode_ci NOT NULL,
  `STATUS` enum('DRAFT','SUBMIT','NEW') CHARACTER SET utf8mb4 COLLATE utf8mb4_unicode_ci DEFAULT NULL,
  `TEAM_ID` varchar(36) COLLATE utf8mb4_unicode_ci DEFAULT NULL,
  `CREATED_BY` varchar(50) COLLATE utf8mb4_unicode_ci DEFAULT NULL,
  `CREATED_AT` bigint(20) DEFAULT NULL,
  `UPDATED_AT` bigint(20) DEFAULT NULL,
  `ELECTION_ID` varchar(36) COLLATE utf8mb4_unicode_ci NOT NULL,
  `DIVISION_CONFIG_ID` varchar(36) COLLATE utf8mb4_unicode_ci DEFAULT NULL,
  PRIMARY KEY (`ID`),
  KEY `ELECTION_ID` (`ELECTION_ID`),
  KEY `DIVISION_CONFIG_ID` (`DIVISION_CONFIG_ID`),
  KEY `TEAM_ID` (`TEAM_ID`),
  CONSTRAINT `NOMINATION_ibfk_1` FOREIGN KEY (`ELECTION_ID`) REFERENCES `ELECTION` (`id`) ON DELETE RESTRICT ON UPDATE CASCADE,
  CONSTRAINT `NOMINATION_ibfk_2` FOREIGN KEY (`DIVISION_CONFIG_ID`) REFERENCES `DIVISION_CONFIG` (`id`) ON DELETE RESTRICT ON UPDATE CASCADE,
  CONSTRAINT `NOMINATION_ibfk_3` FOREIGN KEY (`TEAM_ID`) REFERENCES `TEAM_CONFIG` (`id`) ON DELETE RESTRICT ON UPDATE CASCADE
) ENGINE=InnoDB DEFAULT CHARSET=utf8mb4 COLLATE=utf8mb4_unicode_ci;

/*Data for the table `NOMINATION` */

insert  into `NOMINATION`(`ID`,`STATUS`,`TEAM_ID`,`CREATED_BY`,`CREATED_AT`,`UPDATED_AT`,`ELECTION_ID`,`DIVISION_CONFIG_ID`) values ('0d3e94d6-ec9b-4438-9538-566aaec0533f','NEW','3333','123',123,123,'f2448efc-f1a4-4417-81ff-5ca11f216b54','e05bd742-75ba-4ba7-bcae-c13a6c9bff5b'),('0ed5b85c-4d0f-40af-ae07-98925015b9ee','NEW','4444','123',123,123,'f2448efc-f1a4-4417-81ff-5ca11f216b54','43c9f21d-e98d-4826-aa61-c1338662bfd8'),('1043343b-8d57-4337-8dfc-3e091c733d29','NEW','1111','123',123,123,'f2448efc-f1a4-4417-81ff-5ca11f216b54','43c9f21d-e98d-4826-aa61-c1338662bfd8'),('1e1149a8-ede3-4895-9f56-cd8e8dd3ca4d','NEW','4444','123',123,123,'f2448efc-f1a4-4417-81ff-5ca11f216b54','d7a252e6-ef2f-4d41-b44f-e54b731c994b'),('21d9336d-1037-4a0d-8049-29c4a13772db','NEW','1111','123',123,123,'f2448efc-f1a4-4417-81ff-5ca11f216b54','d7a252e6-ef2f-4d41-b44f-e54b731c994b'),('23ead720-2670-4b38-878a-2d0afc0440c0','NEW','2222','123',123,123,'f2448efc-f1a4-4417-81ff-5ca11f216b54','e05bd742-75ba-4ba7-bcae-c13a6c9bff5b'),('3eb859d9-8602-47f2-ae89-c184cd7792e6','NEW','3333','123',123,123,'f2448efc-f1a4-4417-81ff-5ca11f216b54','2c130539-41b2-440b-a8a8-b7d0bec2acec'),('4d2da45a-f176-4722-849c-8fa4905f2249','NEW','1111','123',123,123,'f2448efc-f1a4-4417-81ff-5ca11f216b54','e05bd742-75ba-4ba7-bcae-c13a6c9bff5b'),('564144ac-a901-4839-8572-d8fffe49f698','NEW','3333','123',123,123,'f2448efc-f1a4-4417-81ff-5ca11f216b54','43c9f21d-e98d-4826-aa61-c1338662bfd8'),('5db33a35-0452-4207-94f9-843f60be1178','NEW','1111','123',123,123,'f2448efc-f1a4-4417-81ff-5ca11f216b54','5f92f166-3098-4e4a-b8cc-65b77a070ad2'),('5dd5dbf5-d854-4ea4-92b4-ab416a897deb','NEW','3333','123',123,123,'f2448efc-f1a4-4417-81ff-5ca11f216b54','d7a252e6-ef2f-4d41-b44f-e54b731c994b'),('6f927a99-218b-4af8-a2ea-86e1684c2f33','NEW','1111','123',123,123,'f2448efc-f1a4-4417-81ff-5ca11f216b54','2c130539-41b2-440b-a8a8-b7d0bec2acec'),('7bdb9463-bca2-49d5-b2b9-ad7aa16a11d2','NEW','4444','123',123,123,'f2448efc-f1a4-4417-81ff-5ca11f216b54','2c130539-41b2-440b-a8a8-b7d0bec2acec'),('9ee3c7e2-2f25-44b4-b9aa-211fc8089119','NEW','2222','123',123,123,'f2448efc-f1a4-4417-81ff-5ca11f216b54','5f92f166-3098-4e4a-b8cc-65b77a070ad2'),('ce09bcea-af69-4cfb-aaa6-f28ca87df9b2','NEW','2222','123',123,123,'f2448efc-f1a4-4417-81ff-5ca11f216b54','43c9f21d-e98d-4826-aa61-c1338662bfd8'),('d2079131-2563-4d9d-962c-983e56970596','NEW','2222','123',123,123,'f2448efc-f1a4-4417-81ff-5ca11f216b54','d7a252e6-ef2f-4d41-b44f-e54b731c994b'),('de66e667-8f2e-478a-a7af-29ea04358a98','NEW','2222','123',123,123,'f2448efc-f1a4-4417-81ff-5ca11f216b54','2c130539-41b2-440b-a8a8-b7d0bec2acec'),('dfe2719f-3b9c-45f7-9afe-39bac89fbb8b','NEW','4444','123',123,123,'f2448efc-f1a4-4417-81ff-5ca11f216b54','e05bd742-75ba-4ba7-bcae-c13a6c9bff5b'),('eb5b63b3-5010-4c88-a016-1a812a54e093','NEW','3333','123',123,123,'f2448efc-f1a4-4417-81ff-5ca11f216b54','5f92f166-3098-4e4a-b8cc-65b77a070ad2'),('f62ae6a5-157b-4389-9b6e-6b86aab53268','NEW','4444','123',123,123,'f2448efc-f1a4-4417-81ff-5ca11f216b54','5f92f166-3098-4e4a-b8cc-65b77a070ad2');

/*Table structure for table `NOMINATION_APPROVAL` */

DROP TABLE IF EXISTS `NOMINATION_APPROVAL`;

CREATE TABLE `NOMINATION_APPROVAL` (
  `ID` varchar(36) COLLATE utf8mb4_unicode_ci NOT NULL,
  `APPROVED_BY` varchar(50) COLLATE utf8mb4_unicode_ci DEFAULT NULL,
  `APPROVED_AT` bigint(20) DEFAULT NULL,
  `UPDATED_AT` bigint(20) DEFAULT NULL,
  `STATUS` enum('1ST-APPROVE','2ND-APPROVE','REJECT') COLLATE utf8mb4_unicode_ci DEFAULT NULL,
  `REVIEW_NOTE` text COLLATE utf8mb4_unicode_ci,
  `NOMINATION_ID` varchar(36) COLLATE utf8mb4_unicode_ci DEFAULT NULL,
  PRIMARY KEY (`ID`),
  KEY `NOMINATION_ID` (`NOMINATION_ID`),
  CONSTRAINT `NOMINATION_APPROVAL_ibfk_1` FOREIGN KEY (`NOMINATION_ID`) REFERENCES `NOMINATION` (`id`) ON DELETE RESTRICT ON UPDATE CASCADE
) ENGINE=InnoDB DEFAULT CHARSET=utf8mb4 COLLATE=utf8mb4_unicode_ci;

/*Data for the table `NOMINATION_APPROVAL` */

/*Table structure for table `NOMINATION_SUPPORT_DOC` */

DROP TABLE IF EXISTS `NOMINATION_SUPPORT_DOC`;

CREATE TABLE `NOMINATION_SUPPORT_DOC` (
  `ID` varchar(36) COLLATE utf8mb4_unicode_ci NOT NULL,
  `ORIGINAL_NAME` varchar(50) COLLATE utf8mb4_unicode_ci DEFAULT NULL,
  `FILE_PATH` varchar(200) COLLATE utf8mb4_unicode_ci DEFAULT NULL,
  `SUPPORT_DOC_CONFIG_ID` varchar(36) COLLATE utf8mb4_unicode_ci DEFAULT NULL,
  `NOMINATION_ID` varchar(36) COLLATE utf8mb4_unicode_ci DEFAULT NULL,
  `STATUS` enum('NEW','DELETE') COLLATE utf8mb4_unicode_ci DEFAULT 'NEW',
  PRIMARY KEY (`ID`),
  KEY `SUPPORT_DOC_CONFIG_ID` (`SUPPORT_DOC_CONFIG_ID`),
  KEY `NOMINATION_ID` (`NOMINATION_ID`),
  CONSTRAINT `NOMINATION_SUPPORT_DOC_ibfk_1` FOREIGN KEY (`SUPPORT_DOC_CONFIG_ID`) REFERENCES `SUPPORT_DOC_CONFIG` (`id`) ON DELETE RESTRICT ON UPDATE CASCADE,
  CONSTRAINT `NOMINATION_SUPPORT_DOC_ibfk_2` FOREIGN KEY (`NOMINATION_ID`) REFERENCES `NOMINATION` (`id`) ON DELETE RESTRICT ON UPDATE CASCADE
) ENGINE=InnoDB DEFAULT CHARSET=utf8mb4 COLLATE=utf8mb4_unicode_ci;

/*Data for the table `NOMINATION_SUPPORT_DOC` */

/*Table structure for table `OBJECTION` */

DROP TABLE IF EXISTS `OBJECTION`;

CREATE TABLE `OBJECTION` (
  `ID` varchar(36) COLLATE utf8mb4_unicode_ci NOT NULL,
  `DESCRIPTION` text COLLATE utf8mb4_unicode_ci,
  `CREATED_AT` bigint(20) DEFAULT NULL,
  `CREATED_BY` varchar(100) COLLATE utf8mb4_unicode_ci DEFAULT NULL,
  `CREATED_BY_TEAM_ID` varchar(36) COLLATE utf8mb4_unicode_ci DEFAULT NULL,
  `NOMINATION_ID` varchar(36) COLLATE utf8mb4_unicode_ci DEFAULT NULL,
  PRIMARY KEY (`ID`),
  KEY `NOMINATION_ID` (`NOMINATION_ID`),
  CONSTRAINT `OBJECTION_ibfk_1` FOREIGN KEY (`NOMINATION_ID`) REFERENCES `NOMINATION` (`id`) ON DELETE RESTRICT ON UPDATE CASCADE
) ENGINE=InnoDB DEFAULT CHARSET=utf8mb4 COLLATE=utf8mb4_unicode_ci;

/*Data for the table `OBJECTION` */

/*Table structure for table `OBJECTION_REVIEW` */

DROP TABLE IF EXISTS `OBJECTION_REVIEW`;

CREATE TABLE `OBJECTION_REVIEW` (
  `ID` varchar(36) COLLATE utf8mb4_unicode_ci NOT NULL,
  `CREATED_BY` varchar(100) COLLATE utf8mb4_unicode_ci DEFAULT NULL,
  `CREATED_AT` bigint(20) DEFAULT NULL,
  `NOTE` text COLLATE utf8mb4_unicode_ci,
  `OBJECTION_ID` varchar(36) COLLATE utf8mb4_unicode_ci DEFAULT NULL,
  `STATUS` enum('APPROVED','REJECTED') COLLATE utf8mb4_unicode_ci DEFAULT NULL,
  PRIMARY KEY (`ID`),
  KEY `OBJECTION_ID` (`OBJECTION_ID`),
  CONSTRAINT `OBJECTION_REVIEW_ibfk_1` FOREIGN KEY (`OBJECTION_ID`) REFERENCES `OBJECTION` (`id`) ON DELETE RESTRICT ON UPDATE CASCADE
) ENGINE=InnoDB DEFAULT CHARSET=utf8mb4 COLLATE=utf8mb4_unicode_ci;

/*Data for the table `OBJECTION_REVIEW` */

/*Table structure for table `OBJECTION_SUPPORT_DOC` */

DROP TABLE IF EXISTS `OBJECTION_SUPPORT_DOC`;

CREATE TABLE `OBJECTION_SUPPORT_DOC` (
  `ID` varchar(36) COLLATE utf8mb4_unicode_ci NOT NULL,
  `FILE_PATH` varchar(300) COLLATE utf8mb4_unicode_ci DEFAULT NULL,
  `SUPPORT_DOC_CONFIG_ID` varchar(36) COLLATE utf8mb4_unicode_ci DEFAULT NULL,
  `OBJECTION_ID` varchar(36) COLLATE utf8mb4_unicode_ci DEFAULT NULL,
  PRIMARY KEY (`ID`),
  KEY `SUPPORT_DOC_CONFIG_ID` (`SUPPORT_DOC_CONFIG_ID`),
  KEY `OBJECTION_ID` (`OBJECTION_ID`),
  CONSTRAINT `OBJECTION_SUPPORT_DOC_ibfk_1` FOREIGN KEY (`SUPPORT_DOC_CONFIG_ID`) REFERENCES `SUPPORT_DOC_CONFIG` (`id`) ON DELETE RESTRICT ON UPDATE CASCADE,
  CONSTRAINT `OBJECTION_SUPPORT_DOC_ibfk_2` FOREIGN KEY (`OBJECTION_ID`) REFERENCES `OBJECTION` (`id`) ON DELETE RESTRICT ON UPDATE CASCADE
) ENGINE=InnoDB DEFAULT CHARSET=utf8mb4 COLLATE=utf8mb4_unicode_ci;

/*Data for the table `OBJECTION_SUPPORT_DOC` */

/*Table structure for table `PAYMENT` */

DROP TABLE IF EXISTS `PAYMENT`;

CREATE TABLE `PAYMENT` (
  `ID` varchar(36) COLLATE utf8mb4_unicode_ci NOT NULL,
  `DEPOSITOR` varchar(100) COLLATE utf8mb4_unicode_ci DEFAULT NULL,
  `DEPOSIT_DATE` bigint(20) DEFAULT NULL,
  `AMOUNT` decimal(13,4) DEFAULT NULL,
  `FILE_PATH` varchar(300) COLLATE utf8mb4_unicode_ci DEFAULT NULL,
  `STATUS` enum('PENDING','APPROVE','REJECT') COLLATE utf8mb4_unicode_ci DEFAULT NULL,
  `CREATED_BY` varchar(50) COLLATE utf8mb4_unicode_ci DEFAULT NULL,
  `CREATED_AT` bigint(20) DEFAULT NULL,
  `UPDATED_AT` bigint(20) DEFAULT NULL,
  `NOMINATION_ID` varchar(36) COLLATE utf8mb4_unicode_ci DEFAULT NULL,
  `NOTE` text COLLATE utf8mb4_unicode_ci,
  PRIMARY KEY (`ID`),
  KEY `NOMINATION_ID` (`NOMINATION_ID`),
  CONSTRAINT `PAYMENT_ibfk_1` FOREIGN KEY (`NOMINATION_ID`) REFERENCES `NOMINATION` (`id`) ON DELETE RESTRICT ON UPDATE CASCADE
) ENGINE=InnoDB DEFAULT CHARSET=utf8mb4 COLLATE=utf8mb4_unicode_ci;

/*Data for the table `PAYMENT` */

/*Table structure for table `SUPPORT_DOC_CONFIG` */

DROP TABLE IF EXISTS `SUPPORT_DOC_CONFIG`;

CREATE TABLE `SUPPORT_DOC_CONFIG` (
  `ID` varchar(36) COLLATE utf8mb4_unicode_ci NOT NULL,
  `KEY_NAME` varchar(50) COLLATE utf8mb4_unicode_ci NOT NULL,
  `DESCRIPTION` varchar(100) COLLATE utf8mb4_unicode_ci DEFAULT NULL,
  `DOC_CATEGORY` enum('NOMINATION','CANDIDATE','OBJECTION','PAYMENT') CHARACTER SET utf8mb4 COLLATE utf8mb4_unicode_ci DEFAULT NULL,
  PRIMARY KEY (`ID`)
) ENGINE=InnoDB DEFAULT CHARSET=utf8mb4 COLLATE=utf8mb4_unicode_ci;

/*Data for the table `SUPPORT_DOC_CONFIG` */

insert  into `SUPPORT_DOC_CONFIG`(`ID`,`KEY_NAME`,`DESCRIPTION`,`DOC_CATEGORY`) values ('15990459-2ea4-413f-b1f7-29a138fd7a97','Affidavit','Affidavit','CANDIDATE'),('31232','Scan of Security Deposit Payment Slip','nomination pay slip','PAYMENT'),('32423','Declaration of Asset & Liabilities Form','ss','CANDIDATE'),('3fac66f2-302c-4d27-b9ae-1d004037a9ba','Declaration of Female Representation','Declaration form that denotes the precentage of female representation for the nomination','NOMINATION'),('59f4d9df-006b-4d7c-82dc-736041e97f37','Objection Support Document','Submit any type of document related to objection','OBJECTION'),('b20dd58c-e5bb-469d-98c9-8711d6da1879','Completed & Signed Nomination Form','Completed & Signed Nomination Form','NOMINATION'),('fe2c2d7e-66de-406a-b887-1143023f8e72','National Identity Card (NIC)','National Identity Card (NIC)','CANDIDATE'),('ff4c6768-bdbe-4a16-b680-5fecb6b1f747','Birth Certificate','Birth Certificate','CANDIDATE');

/*Table structure for table `SUPPORT_DOC_CONFIG_DATA` */

DROP TABLE IF EXISTS `SUPPORT_DOC_CONFIG_DATA`;

CREATE TABLE `SUPPORT_DOC_CONFIG_DATA` (
  `ID` varchar(36) COLLATE utf8mb4_unicode_ci NOT NULL,
  `SUPPORT_DOC_CONFIG_ID` varchar(36) COLLATE utf8mb4_unicode_ci NOT NULL,
  `MODULE_ID` varchar(36) COLLATE utf8mb4_unicode_ci NOT NULL,
  PRIMARY KEY (`ID`),
  KEY `MODULE_ID` (`MODULE_ID`),
  KEY `SUPPORT_DOC_CONFIG_ID` (`SUPPORT_DOC_CONFIG_ID`),
  CONSTRAINT `SUPPORT_DOC_CONFIG_DATA_ibfk_1` FOREIGN KEY (`MODULE_ID`) REFERENCES `ELECTION_MODULE` (`id`) ON DELETE RESTRICT ON UPDATE CASCADE,
  CONSTRAINT `SUPPORT_DOC_CONFIG_DATA_ibfk_2` FOREIGN KEY (`SUPPORT_DOC_CONFIG_ID`) REFERENCES `SUPPORT_DOC_CONFIG` (`id`) ON DELETE RESTRICT ON UPDATE CASCADE
) ENGINE=InnoDB DEFAULT CHARSET=utf8mb4 COLLATE=utf8mb4_unicode_ci;

/*Data for the table `SUPPORT_DOC_CONFIG_DATA` */

insert  into `SUPPORT_DOC_CONFIG_DATA`(`ID`,`SUPPORT_DOC_CONFIG_ID`,`MODULE_ID`) values ('2c3150bf-365b-4b55-a14a-bfdd49ca0feb','15990459-2ea4-413f-b1f7-29a138fd7a97','7180ca1c-20bf-46bd-91e1-32e301c80f35'),('a8f6195b-bdab-4a01-bc79-664e1a8a7e8a','ff4c6768-bdbe-4a16-b680-5fecb6b1f747','7180ca1c-20bf-46bd-91e1-32e301c80f35'),('c9c835a7-1366-4462-8fa1-d52048410f7e','fe2c2d7e-66de-406a-b887-1143023f8e72','7180ca1c-20bf-46bd-91e1-32e301c80f35'),('d51f7234-cc30-414e-9439-a8dbb411f176','b20dd58c-e5bb-469d-98c9-8711d6da1879','7180ca1c-20bf-46bd-91e1-32e301c80f35'),('deb6a3d6-cf10-46f6-b91a-60d4e5c81d3f','32423','7180ca1c-20bf-46bd-91e1-32e301c80f35');

/*Table structure for table `TEAM_CONFIG` */

DROP TABLE IF EXISTS `TEAM_CONFIG`;

CREATE TABLE `TEAM_CONFIG` (
  `ID` varchar(36) COLLATE utf8mb4_unicode_ci NOT NULL,
  `TEAM_NAME` varchar(200) COLLATE utf8mb4_unicode_ci DEFAULT NULL,
  PRIMARY KEY (`ID`)
) ENGINE=InnoDB DEFAULT CHARSET=utf8mb4 COLLATE=utf8mb4_unicode_ci;

/*Data for the table `TEAM_CONFIG` */

insert  into `TEAM_CONFIG`(`ID`,`TEAM_NAME`) values ('1111','United National Party ( UNP )'),('2222','United People\'s Freedom Alliance ( UPFA )'),('3333','Janatha Vimukthi Peramuna ( JVP )'),('4444','Jana Setha Peramuna ( JSP )'),('5555','Sri Lanka Muslim Congress ( SLMC )'),('6666','Sri Lanka People\'s Party ( SLPP )'),('7777','United Socialist Party ( USP )  '),('8888','United Lanka People\'s Party ( ULPP ) '),('9999','New Sinhala Heritage ( NSH )');

/*Table structure for table `USER` */

DROP TABLE IF EXISTS `USER`;

CREATE TABLE `USER` (
  `ID` varchar(36) COLLATE utf8mb4_unicode_ci NOT NULL,
  `NAME` varchar(45) COLLATE utf8mb4_unicode_ci DEFAULT NULL,
  PRIMARY KEY (`ID`)
) ENGINE=InnoDB DEFAULT CHARSET=utf8mb4 COLLATE=utf8mb4_unicode_ci;

/*Data for the table `USER` */

insert  into `USER`(`ID`,`NAME`) values ('123','CLEMENT');

/*!40101 SET SQL_MODE=@OLD_SQL_MODE */;
/*!40014 SET FOREIGN_KEY_CHECKS=@OLD_FOREIGN_KEY_CHECKS */;
/*!40014 SET UNIQUE_CHECKS=@OLD_UNIQUE_CHECKS */;
/*!40111 SET SQL_NOTES=@OLD_SQL_NOTES */;
