/*
SQLyog Ultimate v11.11 (64 bit)
MySQL - 8.0.13 : Database - EC_NOMINATION
*********************************************************************
*/

/*!40101 SET NAMES utf8 */;

/*!40101 SET SQL_MODE=''*/;

/*!40014 SET @OLD_UNIQUE_CHECKS=@@UNIQUE_CHECKS, UNIQUE_CHECKS=0 */;
/*!40014 SET @OLD_FOREIGN_KEY_CHECKS=@@FOREIGN_KEY_CHECKS, FOREIGN_KEY_CHECKS=0 */;
/*!40101 SET @OLD_SQL_MODE=@@SQL_MODE, SQL_MODE='NO_AUTO_VALUE_ON_ZERO' */;
/*!40111 SET @OLD_SQL_NOTES=@@SQL_NOTES, SQL_NOTES=0 */;
CREATE DATABASE /*!32312 IF NOT EXISTS*/`EC_NOMINATION` /*!40100 DEFAULT CHARACTER SET utf8mb4 COLLATE utf8mb4_unicode_ci */;

USE `EC_NOMINATION`;

/*Table structure for table `CANDIDATE` */

DROP TABLE IF EXISTS `CANDIDATE`;

CREATE TABLE `CANDIDATE` (
  `ID` varchar(36) COLLATE utf8mb4_unicode_ci NOT NULL,
  `FULL_NAME` varchar(200) COLLATE utf8mb4_unicode_ci DEFAULT NULL,
  `PREFERRED_NAME` varchar(50) COLLATE utf8mb4_unicode_ci DEFAULT NULL,
  `NIC` varchar(15) COLLATE utf8mb4_unicode_ci DEFAULT NULL,
  `DATE_OF_BIRTH` bigint(20) DEFAULT NULL,
  `GENDER` varchar(6) COLLATE utf8mb4_unicode_ci DEFAULT NULL,
  `ADDRESS` varchar(300) COLLATE utf8mb4_unicode_ci DEFAULT NULL,
  `OCCUPATION` varchar(20) COLLATE utf8mb4_unicode_ci DEFAULT NULL,
  `ELECTORAL_DIVISION_NAME` varchar(50) COLLATE utf8mb4_unicode_ci DEFAULT NULL,
  `ELECTORAL_DIVISION_CODE` varchar(10) COLLATE utf8mb4_unicode_ci DEFAULT NULL,
  `COUNSIL_NAME` varchar(20) COLLATE utf8mb4_unicode_ci DEFAULT NULL,
  `NOMINATION_ID` varchar(36) COLLATE utf8mb4_unicode_ci DEFAULT NULL,
  PRIMARY KEY (`ID`),
  KEY `NOMINATION_ID` (`NOMINATION_ID`),
  CONSTRAINT `CANDIDATE_ibfk_1` FOREIGN KEY (`NOMINATION_ID`) REFERENCES `NOMINATION` (`id`) ON DELETE RESTRICT ON UPDATE CASCADE
) ENGINE=InnoDB DEFAULT CHARSET=utf8mb4 COLLATE=utf8mb4_unicode_ci;

/*Data for the table `CANDIDATE` */

insert  into `CANDIDATE`(`ID`,`FULL_NAME`,`PREFERRED_NAME`,`NIC`,`DATE_OF_BIRTH`,`GENDER`,`ADDRESS`,`OCCUPATION`,`ELECTORAL_DIVISION_NAME`,`ELECTORAL_DIVISION_CODE`,`COUNSIL_NAME`,`NOMINATION_ID`) values ('278db56c-9f38-4326-90dd-dbf4932ea5f7','yujith isura','ujith','912467908V',1560297600000,'MALE','colombo4','doc','kalutara','K01','council','9a8f14bf-7d3f-45a5-8f95-e66f0f5cf4f7'),('416fd168-3fa8-4d54-b6db-0449e4d16b45','yujith','isura','199234560',1563321600000,'MALE','colombo4','doc','kalutara','K01','council','77d3997d-daa9-4deb-a41a-c86acd5cfa93'),('83a875c4-5707-49d6-9655-46360c55f3c2','yujith','isura','923467902V',1557878400000,'MALE','Colombo4','Doc','kalutara','K01','council','11839545-3a20-40d0-b288-1736428cf3c0'),('aa539759-ac6a-4a88-9c1d-bef3ac83a2d0','saman','sam','923456890V',1559692800000,'MALE','colombo4','doc','kalutara','K01','council','b6b74431-c3c7-4d12-96fc-504ec17d4ec4'),('b2eb1e10-080b-4748-943c-c8d639496813','yujith','isura','91246780V',1562716800000,'MALE','colombo4','se','kalutara','K01','council','ae88124c-770d-46ab-8e07-fddcccd8042e'),('ca9c1a30-f220-4afc-bfcd-ed346e1173ef','yujith','isura','923457890V',1560816000000,'MALE','d','doc','kalutara','K01','council','65b144a8-7bce-4ed0-9680-95e95237a87e');

/*Table structure for table `CANDIDATE_CONFIG` */

DROP TABLE IF EXISTS `CANDIDATE_CONFIG`;

CREATE TABLE `CANDIDATE_CONFIG` (
  `ID` varchar(36) COLLATE utf8mb4_unicode_ci NOT NULL,
  `KEY_NAME` varchar(50) COLLATE utf8mb4_unicode_ci DEFAULT NULL,
  `DESCRIPTION` varchar(100) COLLATE utf8mb4_unicode_ci DEFAULT NULL,
  PRIMARY KEY (`ID`)
) ENGINE=InnoDB DEFAULT CHARSET=utf8mb4 COLLATE=utf8mb4_unicode_ci;

/*Data for the table `CANDIDATE_CONFIG` */

insert  into `CANDIDATE_CONFIG`(`ID`,`KEY_NAME`,`DESCRIPTION`) values ('1','FULL_NAME','Name Of Candidate (Full Name)'),('2','PREFERRED_NAME','Preferred Name'),('3','NIC','National Identity Card (NIC)'),('4','DATE_OF_BIRTH','Date of Birth'),('5','GENDER','Gender'),('6','ADDRESS','Address'),('7','OCCUPATION','Occupation');

/*Table structure for table `CANDIDATE_CONFIG_DATA` */

DROP TABLE IF EXISTS `CANDIDATE_CONFIG_DATA`;

CREATE TABLE `CANDIDATE_CONFIG_DATA` (
  `ID` varchar(36) COLLATE utf8mb4_unicode_ci NOT NULL,
  `MODULE_ID` varchar(36) COLLATE utf8mb4_unicode_ci DEFAULT NULL,
  `CANDIDATE_CONFIG_ID` varchar(36) COLLATE utf8mb4_unicode_ci DEFAULT NULL,
  PRIMARY KEY (`ID`),
  KEY `MODULE_ID` (`MODULE_ID`),
  KEY `CANDIDATE_CONFIG_ID` (`CANDIDATE_CONFIG_ID`),
  CONSTRAINT `CANDIDATE_CONFIG_DATA_ibfk_1` FOREIGN KEY (`MODULE_ID`) REFERENCES `ELECTION_MODULE` (`id`) ON DELETE RESTRICT ON UPDATE CASCADE,
  CONSTRAINT `CANDIDATE_CONFIG_DATA_ibfk_2` FOREIGN KEY (`CANDIDATE_CONFIG_ID`) REFERENCES `CANDIDATE_CONFIG` (`id`) ON DELETE RESTRICT ON UPDATE CASCADE
) ENGINE=InnoDB DEFAULT CHARSET=utf8mb4 COLLATE=utf8mb4_unicode_ci;

/*Data for the table `CANDIDATE_CONFIG_DATA` */

insert  into `CANDIDATE_CONFIG_DATA`(`ID`,`MODULE_ID`,`CANDIDATE_CONFIG_ID`) values ('06dd1197-3d40-4054-a8ba-1a4079192745','0426ca24-caa1-4eee-b2a7-a4d8e57bbd5d','2'),('0d065f3d-c88f-4e73-9484-4d28de1faa7e','b9ff7f40-afaf-4140-8dc7-127d15978877','5'),('2077d5dd-ff00-478b-9d81-c20419d8324c','7180ca1c-20bf-46bd-91e1-32e301c80f35','1'),('396ac5e2-ce59-44da-8185-d56e64f7cc2f','b6c93150-f223-469d-bb49-6b54c3108541','1'),('3f5ba002-7d46-4564-ba34-6a9e4a17f5ba','b9ff7f40-afaf-4140-8dc7-127d15978877','1'),('3f9326dd-6d13-423f-b2f7-f289a34e3766','0426ca24-caa1-4eee-b2a7-a4d8e57bbd5d','1'),('44403e34-cc60-413f-a1e4-0fe023a32562','b9ff7f40-afaf-4140-8dc7-127d15978877','2'),('659f4e84-b6b8-42c1-8e40-d012a98f1df4','7180ca1c-20bf-46bd-91e1-32e301c80f35','2'),('7165a159-1e4c-46b7-8a25-07748ff9efee','7180ca1c-20bf-46bd-91e1-32e301c80f35','4'),('98170353-7ea6-46b0-bcc0-f12ac203de07','7180ca1c-20bf-46bd-91e1-32e301c80f35','5'),('9ba2fcd5-d203-4c63-b271-4a0bac8562ee','7180ca1c-20bf-46bd-91e1-32e301c80f35','6'),('c8d9ea5f-4066-493b-af4c-249c1ce1339e','b9ff7f40-afaf-4140-8dc7-127d15978877','3'),('d8a23632-b3f5-4208-bc16-3ac8e48953b5','0426ca24-caa1-4eee-b2a7-a4d8e57bbd5d','3'),('da017369-770d-4da6-bbb1-7abe278c1d34','7180ca1c-20bf-46bd-91e1-32e301c80f35','7'),('ebc1a22c-45ee-4be2-bc5e-ccdc02cff4c5','b6c93150-f223-469d-bb49-6b54c3108541','2'),('ed0a7006-7d88-4705-9356-a88b81a34cfe','7180ca1c-20bf-46bd-91e1-32e301c80f35','3');

/*Table structure for table `CANDIDATE_SUPPORT_DOC` */

DROP TABLE IF EXISTS `CANDIDATE_SUPPORT_DOC`;

CREATE TABLE `CANDIDATE_SUPPORT_DOC` (
  `ID` varchar(36) COLLATE utf8mb4_unicode_ci NOT NULL,
  `ORIGINAL_NAME` varchar(200) CHARACTER SET utf8mb4 COLLATE utf8mb4_unicode_ci DEFAULT NULL,
  `FILE_PATH` varchar(200) COLLATE utf8mb4_unicode_ci DEFAULT NULL,
  `SUPPORT_DOC_CONFIG_ID` varchar(36) COLLATE utf8mb4_unicode_ci DEFAULT NULL,
  `CANDIDATE_ID` varchar(36) COLLATE utf8mb4_unicode_ci DEFAULT NULL,
  `NOMINATION_ID` varchar(36) COLLATE utf8mb4_unicode_ci DEFAULT NULL,
  `STATUS` enum('NEW','DELETE') COLLATE utf8mb4_unicode_ci DEFAULT NULL,
  PRIMARY KEY (`ID`),
  KEY `SUPPORT_DOC_CONFIG_ID` (`SUPPORT_DOC_CONFIG_ID`),
  KEY `CANDIDATE_ID` (`CANDIDATE_ID`),
  KEY `NOMINATION_ID` (`NOMINATION_ID`),
  CONSTRAINT `CANDIDATE_SUPPORT_DOC_ibfk_1` FOREIGN KEY (`SUPPORT_DOC_CONFIG_ID`) REFERENCES `SUPPORT_DOC_CONFIG` (`id`) ON DELETE RESTRICT ON UPDATE CASCADE,
  CONSTRAINT `CANDIDATE_SUPPORT_DOC_ibfk_2` FOREIGN KEY (`CANDIDATE_ID`) REFERENCES `CANDIDATE` (`id`) ON DELETE RESTRICT ON UPDATE CASCADE,
  CONSTRAINT `CANDIDATE_SUPPORT_DOC_ibfk_3` FOREIGN KEY (`NOMINATION_ID`) REFERENCES `NOMINATION` (`id`) ON DELETE RESTRICT ON UPDATE CASCADE
) ENGINE=InnoDB DEFAULT CHARSET=utf8mb4 COLLATE=utf8mb4_unicode_ci;

/*Data for the table `CANDIDATE_SUPPORT_DOC` */

insert  into `CANDIDATE_SUPPORT_DOC`(`ID`,`ORIGINAL_NAME`,`FILE_PATH`,`SUPPORT_DOC_CONFIG_ID`,`CANDIDATE_ID`,`NOMINATION_ID`,`STATUS`) values ('0d5ee372-b1d2-416c-b9b8-081ec3e14d20','0_lWBID1VszAlY8Kpe.png','5d31e911d798ac7aa27076c44095e475','fe2c2d7e-66de-406a-b887-1143023f8e72','aa539759-ac6a-4a88-9c1d-bef3ac83a2d0','b6b74431-c3c7-4d12-96fc-504ec17d4ec4','DELETE'),('3dd901c7-f8e2-4113-8d76-93bfd20fe68f','0_lWBID1VszAlY8Kpe.png','31a1b4ca70e23b7569e9110ca35f7a7c','ff4c6768-bdbe-4a16-b680-5fecb6b1f747','aa539759-ac6a-4a88-9c1d-bef3ac83a2d0','b6b74431-c3c7-4d12-96fc-504ec17d4ec4','DELETE'),('49374d74-9077-4e85-876c-b59f9f682cf6','IMG-20181109-WA0002.jpg','33391b8afc5a900cb6b7116b629b6405','ff4c6768-bdbe-4a16-b680-5fecb6b1f747','aa539759-ac6a-4a88-9c1d-bef3ac83a2d0','b6b74431-c3c7-4d12-96fc-504ec17d4ec4','DELETE'),('63d778e8-1432-49c0-a764-68ef4916a9f4','0_lWBID1VszAlY8Kpe.png','5d31e911d798ac7aa27076c44095e475','fe2c2d7e-66de-406a-b887-1143023f8e72','aa539759-ac6a-4a88-9c1d-bef3ac83a2d0','b6b74431-c3c7-4d12-96fc-504ec17d4ec4','NEW'),('6963e972-b348-47c7-952b-077df0c62094','0_lWBID1VszAlY8Kpe.png','ba524b958938f27791c644a07ef7a841','ff4c6768-bdbe-4a16-b680-5fecb6b1f747','aa539759-ac6a-4a88-9c1d-bef3ac83a2d0','b6b74431-c3c7-4d12-96fc-504ec17d4ec4','DELETE'),('81b35edd-bfce-423a-b22a-efc9148e20bb','Cs37Q-4XgAAbQVM.jpg','81f5511f73200cb7c6a6ce5896611156','fe2c2d7e-66de-406a-b887-1143023f8e72','aa539759-ac6a-4a88-9c1d-bef3ac83a2d0','b6b74431-c3c7-4d12-96fc-504ec17d4ec4','DELETE'),('ab5d2f03-b790-4ef5-a254-e07043f21b52','0_lWBID1VszAlY8Kpe.png','cf8fae109ca29fee438066abfeba6c09','ff4c6768-bdbe-4a16-b680-5fecb6b1f747','aa539759-ac6a-4a88-9c1d-bef3ac83a2d0','b6b74431-c3c7-4d12-96fc-504ec17d4ec4','DELETE'),('ad7b2d41-bf0a-4030-8422-6f3d3e9b51a2','0_lWBID1VszAlY8Kpe.png','92bc5e14f403478d4d6feeb0363a9ec5','15990459-2ea4-413f-b1f7-29a138fd7a97','aa539759-ac6a-4a88-9c1d-bef3ac83a2d0','b6b74431-c3c7-4d12-96fc-504ec17d4ec4','DELETE'),('b9b53e70-1847-4bba-9e2a-c54f2218dcfb','nomination_schema_v2.5.png','cd7321224595f1d2ff6666f74364fe45','32423','aa539759-ac6a-4a88-9c1d-bef3ac83a2d0','b6b74431-c3c7-4d12-96fc-504ec17d4ec4','DELETE'),('ccad2cef-fa80-428b-997e-1c3d41cd6cb1','nomination_schema_v2.5.png','cd7321224595f1d2ff6666f74364fe45','32423','aa539759-ac6a-4a88-9c1d-bef3ac83a2d0','b6b74431-c3c7-4d12-96fc-504ec17d4ec4','NEW'),('ebf8305f-9126-4d4e-ba83-567b62d1a58f','nomination_schema_v2.5.png','40a07802608d0a444fc05d264c2e6a7d','32423','278db56c-9f38-4326-90dd-dbf4932ea5f7','9a8f14bf-7d3f-45a5-8f95-e66f0f5cf4f7','NEW'),('f0b4ab91-cac7-4628-945b-9f4d1b7f43d6','nomination_schema_v2.5.png','7a9c03537f58bbad314c6df5dd5a86ad','ff4c6768-bdbe-4a16-b680-5fecb6b1f747','aa539759-ac6a-4a88-9c1d-bef3ac83a2d0','b6b74431-c3c7-4d12-96fc-504ec17d4ec4','NEW'),('f73f87eb-8cf4-40e7-8e3d-0926717f1a43','0_lWBID1VszAlY8Kpe.png','92bc5e14f403478d4d6feeb0363a9ec5','15990459-2ea4-413f-b1f7-29a138fd7a97','aa539759-ac6a-4a88-9c1d-bef3ac83a2d0','b6b74431-c3c7-4d12-96fc-504ec17d4ec4','NEW'),('ffa2d18f-e37e-4492-9cb2-3f424d745f46','nomination_schema_v2.5.png','9e519ce021f3ec763c58ef9e7009e34a','fe2c2d7e-66de-406a-b887-1143023f8e72','aa539759-ac6a-4a88-9c1d-bef3ac83a2d0','b6b74431-c3c7-4d12-96fc-504ec17d4ec4','NEW');

/*Table structure for table `DIVISION_CONFIG` */

DROP TABLE IF EXISTS `DIVISION_CONFIG`;

CREATE TABLE `DIVISION_CONFIG` (
  `ID` varchar(36) COLLATE utf8mb4_unicode_ci NOT NULL,
  `NAME` varchar(100) COLLATE utf8mb4_unicode_ci NOT NULL,
  `CODE` varchar(10) COLLATE utf8mb4_unicode_ci NOT NULL,
  `NO_OF_CANDIDATES` int(5) NOT NULL,
  `MODULE_ID` varchar(36) COLLATE utf8mb4_unicode_ci DEFAULT NULL,
  PRIMARY KEY (`ID`),
  KEY `MODULE_ID` (`MODULE_ID`),
  CONSTRAINT `DIVISION_CONFIG_ibfk_1` FOREIGN KEY (`MODULE_ID`) REFERENCES `ELECTION_MODULE` (`id`) ON DELETE RESTRICT ON UPDATE CASCADE
) ENGINE=InnoDB DEFAULT CHARSET=utf8mb4 COLLATE=utf8mb4_unicode_ci;

/*Data for the table `DIVISION_CONFIG` */

insert  into `DIVISION_CONFIG`(`ID`,`NAME`,`CODE`,`NO_OF_CANDIDATES`,`MODULE_ID`) values ('453de266-c19f-4a7b-9cd4-046f397e7606','test','01',1,'0426ca24-caa1-4eee-b2a7-a4d8e57bbd5d'),('a3f81cb4-7fd9-4aa4-85d6-051fb2f0220d','Country','01',1,'b9ff7f40-afaf-4140-8dc7-127d15978877'),('a669f043-feaf-444d-853a-88d687e12df5','Uva','001',1,'7180ca1c-20bf-46bd-91e1-32e301c80f35'),('ad3a8acb-92ce-4209-9d7a-0fbdb8347755','h','h',4,'b6c93150-f223-469d-bb49-6b54c3108541'),('ae4c0dd8-6a20-4093-8953-c5ce6f9db37b','Western ','002',1,'7180ca1c-20bf-46bd-91e1-32e301c80f35'),('afdfd16f-b78a-4746-9fa8-0f1eb089efe1','Central ','003',65,'7180ca1c-20bf-46bd-91e1-32e301c80f35');

/*Table structure for table `DIVISION_CONFIG_DATA` */

DROP TABLE IF EXISTS `DIVISION_CONFIG_DATA`;

CREATE TABLE `DIVISION_CONFIG_DATA` (
  `ELECTION_ID` varchar(36) COLLATE utf8mb4_unicode_ci NOT NULL,
  `DIVISION_CONFIG_ID` varchar(36) COLLATE utf8mb4_unicode_ci NOT NULL,
  `SELECT_FLAG` tinyint(1) DEFAULT NULL,
  PRIMARY KEY (`ELECTION_ID`,`DIVISION_CONFIG_ID`),
  KEY `DIVISION_CONFIG_ID` (`DIVISION_CONFIG_ID`),
  CONSTRAINT `DIVISION_CONFIG_DATA_ibfk_1` FOREIGN KEY (`ELECTION_ID`) REFERENCES `ELECTION` (`id`) ON DELETE RESTRICT ON UPDATE CASCADE,
  CONSTRAINT `DIVISION_CONFIG_DATA_ibfk_2` FOREIGN KEY (`DIVISION_CONFIG_ID`) REFERENCES `DIVISION_CONFIG` (`id`) ON DELETE RESTRICT ON UPDATE CASCADE
) ENGINE=InnoDB DEFAULT CHARSET=utf8mb4 COLLATE=utf8mb4_unicode_ci;

/*Data for the table `DIVISION_CONFIG_DATA` */

/*Table structure for table `ELECTION` */

DROP TABLE IF EXISTS `ELECTION`;

CREATE TABLE `ELECTION` (
  `ID` varchar(36) COLLATE utf8mb4_unicode_ci NOT NULL,
  `NAME` varchar(100) COLLATE utf8mb4_unicode_ci NOT NULL,
  `CREATED_BY` varchar(50) COLLATE utf8mb4_unicode_ci DEFAULT NULL,
  `CREATED_AT` bigint(20) DEFAULT NULL,
  `UPDATED_AT` bigint(20) DEFAULT NULL,
  `MODULE_ID` varchar(36) COLLATE utf8mb4_unicode_ci DEFAULT NULL,
  PRIMARY KEY (`ID`),
  KEY `MODULE_ID` (`MODULE_ID`),
  CONSTRAINT `ELECTION_ibfk_1` FOREIGN KEY (`MODULE_ID`) REFERENCES `ELECTION_MODULE` (`id`) ON DELETE RESTRICT ON UPDATE CASCADE
) ENGINE=InnoDB DEFAULT CHARSET=utf8mb4 COLLATE=utf8mb4_unicode_ci;

/*Data for the table `ELECTION` */

insert  into `ELECTION`(`ID`,`NAME`,`CREATED_BY`,`CREATED_AT`,`UPDATED_AT`,`MODULE_ID`) values ('24c9edee-f5a9-4570-a9ea-1b949851ea49','Provincial Council 2021','admin',1558500017000,1558500216000,'7180ca1c-20bf-46bd-91e1-32e301c80f35'),('44730642-9def-4535-85c0-9ea0b42bf1cd','Provincial test','admin',1560753615000,1560753615000,'7180ca1c-20bf-46bd-91e1-32e301c80f35'),('5b2697ff-9848-4c03-9c49-11d4c6ad63fb','wp Provinsial council2019','admin',1562213952000,1562213952000,'7180ca1c-20bf-46bd-91e1-32e301c80f35'),('5d1794f3-53e4-494b-a48f-fef4e97d0a86','Provincial Council 2020 new','admin',1557898425000,1558078496000,'7180ca1c-20bf-46bd-91e1-32e301c80f35'),('612cc919-2787-4595-993c-e2ca886aed10','pretest','admin',1563879555000,1563879555000,'b9ff7f40-afaf-4140-8dc7-127d15978877'),('79606446-c1fe-4151-9a68-8feee2f312e0','test7','admin',1558588476000,1558675296000,'7180ca1c-20bf-46bd-91e1-32e301c80f35'),('ced3d893-fc9e-40c5-be98-c19b768a7797','Provincial Council 2020','admin',1557318337000,1557318337000,'7180ca1c-20bf-46bd-91e1-32e301c80f35'),('d69fba61-9b69-499a-8d30-e24143f2a156','Provincial','admin',1561374834000,1561696265000,'7180ca1c-20bf-46bd-91e1-32e301c80f35'),('f2448efc-f1a4-4417-81ff-5ca11f216b54','Provincial Council 2019','admin',1557313005000,1560757272000,'7180ca1c-20bf-46bd-91e1-32e301c80f35');

/*Table structure for table `ELECTION_APPROVAL` */

DROP TABLE IF EXISTS `ELECTION_APPROVAL`;

CREATE TABLE `ELECTION_APPROVAL` (
  `ID` varchar(36) COLLATE utf8mb4_unicode_ci NOT NULL,
  `STATUS` enum('PENDING','APPROVE','REJECT') COLLATE utf8mb4_unicode_ci DEFAULT NULL,
  `APPROVED_BY` varchar(50) COLLATE utf8mb4_unicode_ci DEFAULT NULL,
  `APPROVED_AT` bigint(20) DEFAULT NULL,
  `UPDATED_AT` bigint(20) DEFAULT NULL,
  `ELECTION_ID` varchar(36) COLLATE utf8mb4_unicode_ci DEFAULT NULL,
  `REVIEW_NOTE` text COLLATE utf8mb4_unicode_ci,
  PRIMARY KEY (`ID`),
  KEY `ELECTION_ID` (`ELECTION_ID`),
  CONSTRAINT `ELECTION_APPROVAL_ibfk_1` FOREIGN KEY (`ELECTION_ID`) REFERENCES `ELECTION` (`id`) ON DELETE RESTRICT ON UPDATE CASCADE
) ENGINE=InnoDB DEFAULT CHARSET=utf8mb4 COLLATE=utf8mb4_unicode_ci;

/*Data for the table `ELECTION_APPROVAL` */

insert  into `ELECTION_APPROVAL`(`ID`,`STATUS`,`APPROVED_BY`,`APPROVED_AT`,`UPDATED_AT`,`ELECTION_ID`,`REVIEW_NOTE`) values ('0e4656c2-310d-4e5b-8204-444764b20332','APPROVE','admin',1557318337000,1558602414000,'ced3d893-fc9e-40c5-be98-c19b768a7797','d'),('33cf6228-a8f1-46ab-90f0-224f86dd327c','APPROVE','admin',1558078496000,1560754682000,'5d1794f3-53e4-494b-a48f-fef4e97d0a86','s'),('396fca88-672c-4fff-8889-9ce6d87e950c','APPROVE','admin',1562213952000,1562214226000,'5b2697ff-9848-4c03-9c49-11d4c6ad63fb','done'),('45855454-ee83-4e30-a63d-f9fd2e1affa0','PENDING','admin',1558500216000,1558500216000,'24c9edee-f5a9-4570-a9ea-1b949851ea49',NULL),('4fda7070-75ea-4660-abbd-54cf099f06ac','APPROVE','admin',1560753615000,1560754175000,'44730642-9def-4535-85c0-9ea0b42bf1cd','a'),('7a567991-8309-4f04-b886-a757bb7a7417','PENDING','admin',1563879555000,1563879555000,'612cc919-2787-4595-993c-e2ca886aed10',NULL),('7b0ed2f9-320c-4ca6-ae46-93134189ae47','PENDING','admin',1558675296000,1558675296000,'79606446-c1fe-4151-9a68-8feee2f312e0',NULL),('9c9bf198-4123-4df7-837b-ae3da620046b','PENDING','admin',1560757272000,1560757272000,'f2448efc-f1a4-4417-81ff-5ca11f216b54',NULL),('cca29fe8-a098-4bde-a23b-98863237515a','PENDING','admin',1561696265000,1561696265000,'d69fba61-9b69-499a-8d30-e24143f2a156',NULL);

/*Table structure for table `ELECTION_CONFIG` */

DROP TABLE IF EXISTS `ELECTION_CONFIG`;

CREATE TABLE `ELECTION_CONFIG` (
  `ID` varchar(36) COLLATE utf8mb4_unicode_ci NOT NULL,
  `KEY_NAME` varchar(50) COLLATE utf8mb4_unicode_ci DEFAULT NULL,
  `DESCRIPTION` varchar(100) COLLATE utf8mb4_unicode_ci DEFAULT NULL,
  PRIMARY KEY (`ID`)
) ENGINE=InnoDB DEFAULT CHARSET=utf8mb4 COLLATE=utf8mb4_unicode_ci;

/*Data for the table `ELECTION_CONFIG` */

insert  into `ELECTION_CONFIG`(`ID`,`KEY_NAME`,`DESCRIPTION`) values ('1','candidate payment','payment pert candidate'),('2','weightageVoteBased','weightage vote'),('3','weightagePrefarenceBased','weightage prefarence');

/*Table structure for table `ELECTION_CONFIG_DATA` */

DROP TABLE IF EXISTS `ELECTION_CONFIG_DATA`;

CREATE TABLE `ELECTION_CONFIG_DATA` (
  `ID` varchar(36) COLLATE utf8mb4_unicode_ci NOT NULL,
  `VALUE` varchar(100) COLLATE utf8mb4_unicode_ci NOT NULL,
  `ELECTION_CONFIG_ID` varchar(36) CHARACTER SET utf8mb4 COLLATE utf8mb4_unicode_ci DEFAULT NULL,
  `ELECTION_ID` varchar(36) CHARACTER SET utf8mb4 COLLATE utf8mb4_unicode_ci DEFAULT NULL,
  PRIMARY KEY (`ID`),
  KEY `ELECTION_CONFIG_ID` (`ELECTION_CONFIG_ID`),
  KEY `ELECTION_ID` (`ELECTION_ID`),
  CONSTRAINT `ELECTION_CONFIG_DATA_ibfk_1` FOREIGN KEY (`ELECTION_CONFIG_ID`) REFERENCES `ELECTION_CONFIG` (`id`) ON DELETE RESTRICT ON UPDATE CASCADE,
  CONSTRAINT `ELECTION_CONFIG_DATA_ibfk_2` FOREIGN KEY (`ELECTION_ID`) REFERENCES `ELECTION` (`id`) ON DELETE RESTRICT ON UPDATE CASCADE
) ENGINE=InnoDB DEFAULT CHARSET=utf8mb4 COLLATE=utf8mb4_unicode_ci;

/*Data for the table `ELECTION_CONFIG_DATA` */

/*Table structure for table `ELECTION_MODULE` */

DROP TABLE IF EXISTS `ELECTION_MODULE`;

CREATE TABLE `ELECTION_MODULE` (
  `ID` varchar(36) COLLATE utf8mb4_unicode_ci NOT NULL,
  `NAME` varchar(100) COLLATE utf8mb4_unicode_ci NOT NULL,
  `DIVISION_COMMON_NAME` varchar(20) COLLATE utf8mb4_unicode_ci DEFAULT NULL,
  `CREATED_BY` varchar(50) COLLATE utf8mb4_unicode_ci DEFAULT NULL,
  `CREATED_AT` bigint(20) DEFAULT NULL,
  `UPDATED_AT` bigint(20) DEFAULT NULL,
  PRIMARY KEY (`ID`)
) ENGINE=InnoDB DEFAULT CHARSET=utf8mb4 COLLATE=utf8mb4_unicode_ci;

/*Data for the table `ELECTION_MODULE` */

insert  into `ELECTION_MODULE`(`ID`,`NAME`,`DIVISION_COMMON_NAME`,`CREATED_BY`,`CREATED_AT`,`UPDATED_AT`) values ('0426ca24-caa1-4eee-b2a7-a4d8e57bbd5d','test','test','admin',1563427153,1563427153),('7180ca1c-20bf-46bd-91e1-32e301c80f35','Provincial Council  ','Province','admin',1557308032,1557825420000),('b6c93150-f223-469d-bb49-6b54c3108541','test1','nh','admin',1563863805,1563877983000),('b9ff7f40-afaf-4140-8dc7-127d15978877','Presidential ','Country','admin',1562664722,1563167337000);

/*Table structure for table `ELECTION_MODULE_APPROVAL` */

DROP TABLE IF EXISTS `ELECTION_MODULE_APPROVAL`;

CREATE TABLE `ELECTION_MODULE_APPROVAL` (
  `ID` varchar(36) COLLATE utf8mb4_unicode_ci NOT NULL,
  `STATUS` enum('PENDING','APPROVE','REJECT') COLLATE utf8mb4_unicode_ci DEFAULT NULL,
  `APPROVED_BY` varchar(50) COLLATE utf8mb4_unicode_ci DEFAULT NULL,
  `APPROVED_AT` bigint(20) DEFAULT NULL,
  `UPDATED_AT` bigint(20) DEFAULT NULL,
  `REVIEW_NOTE` text CHARACTER SET utf8mb4 COLLATE utf8mb4_unicode_ci,
  `MODULE_ID` varchar(36) COLLATE utf8mb4_unicode_ci DEFAULT NULL,
  PRIMARY KEY (`ID`),
  KEY `MODULE_ID` (`MODULE_ID`),
  CONSTRAINT `ELECTION_MODULE_APPROVAL_ibfk_1` FOREIGN KEY (`MODULE_ID`) REFERENCES `ELECTION_MODULE` (`id`) ON DELETE RESTRICT ON UPDATE CASCADE
) ENGINE=InnoDB DEFAULT CHARSET=utf8mb4 COLLATE=utf8mb4_unicode_ci;

/*Data for the table `ELECTION_MODULE_APPROVAL` */

insert  into `ELECTION_MODULE_APPROVAL`(`ID`,`STATUS`,`APPROVED_BY`,`APPROVED_AT`,`UPDATED_AT`,`REVIEW_NOTE`,`MODULE_ID`) values ('01a970ee-ea32-4c82-8b76-aca880b298b4','APPROVE','admin',1563427153,1563430385000,'fgf','0426ca24-caa1-4eee-b2a7-a4d8e57bbd5d'),('0a8d41ef-b4d5-48e4-bd07-885d6985d535','APPROVE','admin',1562664722,1563426986000,'dd','b9ff7f40-afaf-4140-8dc7-127d15978877'),('1854cb5f-5e95-4a59-804f-de16494f03e4','PENDING','admin',1563863805,1563863805,NULL,'b6c93150-f223-469d-bb49-6b54c3108541'),('f5a232b1-a769-449d-baa6-b0fac654b075','REJECT','admin',1557308032,1563362813000,'s','7180ca1c-20bf-46bd-91e1-32e301c80f35');

/*Table structure for table `ELECTION_MODULE_CONFIG` */

DROP TABLE IF EXISTS `ELECTION_MODULE_CONFIG`;

CREATE TABLE `ELECTION_MODULE_CONFIG` (
  `ID` varchar(36) COLLATE utf8mb4_unicode_ci NOT NULL,
  `KEY_NAME` varchar(50) COLLATE utf8mb4_unicode_ci DEFAULT NULL,
  `DESCRIPTION` varchar(100) COLLATE utf8mb4_unicode_ci DEFAULT NULL,
  PRIMARY KEY (`ID`)
) ENGINE=InnoDB DEFAULT CHARSET=utf8mb4 COLLATE=utf8mb4_unicode_ci;

/*Data for the table `ELECTION_MODULE_CONFIG` */

insert  into `ELECTION_MODULE_CONFIG`(`ID`,`KEY_NAME`,`DESCRIPTION`) values ('123213','candidate payment','candidate payment amount'),('1243123','nomination submission by',NULL),('142343242343','create allayance',NULL),('15990459-2ea4-413f-b1f7-29a138fd7a97','cal type',NULL),('234433','weightagePrefarenceBased',NULL),('2345234234','authorityRemarks',NULL),('2353453','authority',NULL),('253454355','objection allowed',NULL),('324324','weightageVoteBased',NULL),('fe2c2d7e-66de-406a-b887-1143023f8e72','pay allowed',NULL),('ff4c6768-bdbe-4a16-b680-5fecb6b1f747','test',NULL);

/*Table structure for table `ELECTION_MODULE_CONFIG_DATA` */

DROP TABLE IF EXISTS `ELECTION_MODULE_CONFIG_DATA`;

CREATE TABLE `ELECTION_MODULE_CONFIG_DATA` (
  `ID` varchar(36) COLLATE utf8mb4_unicode_ci NOT NULL,
  `VALUE` text CHARACTER SET utf8mb4 COLLATE utf8mb4_unicode_ci,
  `ELECTION_MODULE_CONFIG_ID` varchar(36) COLLATE utf8mb4_unicode_ci NOT NULL,
  `MODULE_ID` varchar(36) COLLATE utf8mb4_unicode_ci NOT NULL,
  PRIMARY KEY (`ID`),
  KEY `MODULE_ID` (`MODULE_ID`),
  KEY `ELECTION_MODULE_CONFIG_ID` (`ELECTION_MODULE_CONFIG_ID`),
  CONSTRAINT `ELECTION_MODULE_CONFIG_DATA_ibfk_1` FOREIGN KEY (`MODULE_ID`) REFERENCES `ELECTION_MODULE` (`id`) ON DELETE RESTRICT ON UPDATE CASCADE,
  CONSTRAINT `ELECTION_MODULE_CONFIG_DATA_ibfk_2` FOREIGN KEY (`ELECTION_MODULE_CONFIG_ID`) REFERENCES `ELECTION_MODULE_CONFIG` (`id`) ON DELETE RESTRICT ON UPDATE CASCADE
) ENGINE=InnoDB DEFAULT CHARSET=utf8mb4 COLLATE=utf8mb4_unicode_ci;

/*Data for the table `ELECTION_MODULE_CONFIG_DATA` */

insert  into `ELECTION_MODULE_CONFIG_DATA`(`ID`,`VALUE`,`ELECTION_MODULE_CONFIG_ID`,`MODULE_ID`) values ('038dae84-350c-4e4e-b99d-c401c6e69204','Allowed','253454355','b9ff7f40-afaf-4140-8dc7-127d15978877'),('0482f63d-6c3a-427f-9b1c-d29ba15cf419','Allowed','142343242343','b9ff7f40-afaf-4140-8dc7-127d15978877'),('13099db9-fd48-40c2-8beb-79c12bfc46fd','3000','123213','b9ff7f40-afaf-4140-8dc7-127d15978877'),('15ab739b-db7e-42dd-84cc-40825bbc608e','Independent Group Leader','1243123','7180ca1c-20bf-46bd-91e1-32e301c80f35'),('1934508b-13f6-4c2f-9f2b-d400440fc3ca','pure_prefrence_based','15990459-2ea4-413f-b1f7-29a138fd7a97','7180ca1c-20bf-46bd-91e1-32e301c80f35'),('1d805fd6-a98a-4616-8a87-a51f33276064','NotAllowed','142343242343','b6c93150-f223-469d-bb49-6b54c3108541'),('348790c9-7705-4f9b-a2de-d7a9ca5ef4e7','Yes','fe2c2d7e-66de-406a-b887-1143023f8e72','7180ca1c-20bf-46bd-91e1-32e301c80f35'),('3a01986a-07b1-4d98-99b5-1a83b4c24f4a','Party Secretory','1243123','0426ca24-caa1-4eee-b2a7-a4d8e57bbd5d'),('3cb4293f-26fa-4cf2-90a9-0f8ecf8e4401','32d250c8-b6b0-4aa6-9b14-4817dbb268d9','2353453','0426ca24-caa1-4eee-b2a7-a4d8e57bbd5d'),('47fd32d6-21d3-4ae5-acb6-35967242ae1f','NotAllowed','142343242343','0426ca24-caa1-4eee-b2a7-a4d8e57bbd5d'),('4a3384de-a84e-4150-b8c3-81072641a5e5','a93b50c8-b6b0-4aa6-9b14-4817dbb268d9','2353453','7180ca1c-20bf-46bd-91e1-32e301c80f35'),('5094dea6-e048-4e42-a63c-aeb0c292bc10','Independent Group Leader','1243123','b6c93150-f223-469d-bb49-6b54c3108541'),('56376440-06f0-44ff-8c1d-2c6131737b74','Yes','fe2c2d7e-66de-406a-b887-1143023f8e72','0426ca24-caa1-4eee-b2a7-a4d8e57bbd5d'),('64451257-11dc-4e4f-a93d-aeee88724c55','2000','123213','7180ca1c-20bf-46bd-91e1-32e301c80f35'),('7096b235-b587-485b-b572-d9d304bd2933','Party Secretory','1243123','b9ff7f40-afaf-4140-8dc7-127d15978877'),('75723df2-1799-4049-a6ad-a2ca292e9755','done','2345234234','b6c93150-f223-469d-bb49-6b54c3108541'),('7de3516e-03f6-4cb9-aa2a-e36a6c40645d','pure_vote_based','15990459-2ea4-413f-b1f7-29a138fd7a97','b9ff7f40-afaf-4140-8dc7-127d15978877'),('90687a96-0671-4281-a032-bf4649401488','32d250c8-b6b0-4aa6-9b14-4817dbb268d9','2353453','b9ff7f40-afaf-4140-8dc7-127d15978877'),('9a4105ac-009b-487c-b4f7-26837d3d2edc','NotAllowed','142343242343','7180ca1c-20bf-46bd-91e1-32e301c80f35'),('9aadc4f4-6ff7-4467-a907-77ff52e5098f','pure_prefrence_based','15990459-2ea4-413f-b1f7-29a138fd7a97','0426ca24-caa1-4eee-b2a7-a4d8e57bbd5d'),('a31672b5-c4bf-43fb-842d-c1b36afef577','No','fe2c2d7e-66de-406a-b887-1143023f8e72','b6c93150-f223-469d-bb49-6b54c3108541'),('a61b55e9-8896-4b9f-a64e-ec153d23b939','32d250c8-b6b0-4aa6-9b14-4817dbb268d9','2353453','b6c93150-f223-469d-bb49-6b54c3108541'),('bee0d932-430b-4b16-8166-21dd5e79cdde','NotAllowed','253454355','0426ca24-caa1-4eee-b2a7-a4d8e57bbd5d'),('cf35a6b2-9b58-4fab-9d4a-39edf8dab790','Yes','fe2c2d7e-66de-406a-b887-1143023f8e72','b9ff7f40-afaf-4140-8dc7-127d15978877'),('d292f3ce-2299-4828-9e03-e35ab25a3493','pure_vote_based','15990459-2ea4-413f-b1f7-29a138fd7a97','b6c93150-f223-469d-bb49-6b54c3108541'),('d74a6145-871c-4547-b4ae-10bfc38de2d4','2000','123213','0426ca24-caa1-4eee-b2a7-a4d8e57bbd5d'),('f2b87700-c7c3-4afd-b2bf-61f0dd8ee602','Allowed','253454355','7180ca1c-20bf-46bd-91e1-32e301c80f35');

/*Table structure for table `ELECTION_TEAM` */

DROP TABLE IF EXISTS `ELECTION_TEAM`;

CREATE TABLE `ELECTION_TEAM` (
  `ID` varchar(36) COLLATE utf8mb4_unicode_ci NOT NULL,
  `TEAM_ID` varchar(36) COLLATE utf8mb4_unicode_ci DEFAULT NULL,
  `ELECTION_ID` varchar(36) COLLATE utf8mb4_unicode_ci DEFAULT NULL,
  PRIMARY KEY (`ID`),
  KEY `ELECTION_ID` (`ELECTION_ID`),
  CONSTRAINT `ELECTION_TEAM_ibfk_1` FOREIGN KEY (`ELECTION_ID`) REFERENCES `ELECTION` (`id`) ON DELETE RESTRICT ON UPDATE CASCADE
) ENGINE=InnoDB DEFAULT CHARSET=utf8mb4 COLLATE=utf8mb4_unicode_ci;

/*Data for the table `ELECTION_TEAM` */

/*Table structure for table `ELECTION_TIMELINE` */

DROP TABLE IF EXISTS `ELECTION_TIMELINE`;

CREATE TABLE `ELECTION_TIMELINE` (
  `ID` varchar(36) COLLATE utf8mb4_unicode_ci NOT NULL,
  `NOMINATION_START` bigint(20) DEFAULT NULL,
  `NOMINATION_END` bigint(20) DEFAULT NULL,
  `OBJECTION_START` bigint(20) DEFAULT NULL,
  `OBJECTION_END` bigint(20) DEFAULT NULL,
  `ELECTION_ID` varchar(36) COLLATE utf8mb4_unicode_ci DEFAULT NULL,
  PRIMARY KEY (`ID`),
  KEY `ELECTION_ID` (`ELECTION_ID`),
  CONSTRAINT `ELECTION_TIMELINE_ibfk_1` FOREIGN KEY (`ELECTION_ID`) REFERENCES `ELECTION` (`id`) ON DELETE RESTRICT ON UPDATE CASCADE
) ENGINE=InnoDB DEFAULT CHARSET=utf8mb4 COLLATE=utf8mb4_unicode_ci;

/*Data for the table `ELECTION_TIMELINE` */

insert  into `ELECTION_TIMELINE`(`ID`,`NOMINATION_START`,`NOMINATION_END`,`OBJECTION_START`,`OBJECTION_END`,`ELECTION_ID`) values ('341bdd33-a7d8-488d-adc2-256e7d45fdb7',1557340200000,1557685800000,1557772200000,1558895400000,'ced3d893-fc9e-40c5-be98-c19b768a7797'),('41c719af-2ae7-4c6a-a32a-aa6b2f196c4e',1557253800000,1557685800000,1557772200000,1558290600000,'f2448efc-f1a4-4417-81ff-5ca11f216b54'),('73d0ce8e-0cfd-4501-a5e0-988a60bf1513',1559335380000,1559631660000,1560330060000,1561581780000,'44730642-9def-4535-85c0-9ea0b42bf1cd'),('7429f965-06e3-4520-8a1b-77782e837d5c',1562697000000,1562826600000,1563129000000,1563993000000,'5b2697ff-9848-4c03-9c49-11d4c6ad63fb'),('7ff07d96-f795-417b-8d0f-616a04053977',1562137260000,1562752260000,1563346860000,1563951660000,'612cc919-2787-4595-993c-e2ca886aed10'),('91228742-e3e3-4ede-852a-ee93a8121e45',1556653860000,1557298860000,1557730860000,1559124660000,'79606446-c1fe-4151-9a68-8feee2f312e0'),('aa8eadff-6b20-41cb-a90a-68d3c0c887df',1556649000000,1557558060000,1557687660000,1558465260000,'24c9edee-f5a9-4570-a9ea-1b949851ea49'),('d2bb1aa4-c1b5-4187-a0b4-0849b8414a3d',1559803320000,1559889780000,1560199380000,1560927660000,'d69fba61-9b69-499a-8d30-e24143f2a156'),('f0a6eb90-2484-462b-9dc3-7400db210b2e',1546387200000,1547078400000,1547942400000,1548806400000,'5d1794f3-53e4-494b-a48f-fef4e97d0a86');

/*Table structure for table `ELECTION_TIMELINE_CONFIG` */

DROP TABLE IF EXISTS `ELECTION_TIMELINE_CONFIG`;

CREATE TABLE `ELECTION_TIMELINE_CONFIG` (
  `ID` varchar(36) COLLATE utf8mb4_unicode_ci NOT NULL,
  `KEY_NAME` varchar(50) COLLATE utf8mb4_unicode_ci NOT NULL,
  `DESCRIPTION` varchar(100) COLLATE utf8mb4_unicode_ci DEFAULT NULL,
  PRIMARY KEY (`ID`)
) ENGINE=InnoDB DEFAULT CHARSET=utf8mb4 COLLATE=utf8mb4_unicode_ci;

/*Data for the table `ELECTION_TIMELINE_CONFIG` */

insert  into `ELECTION_TIMELINE_CONFIG`(`ID`,`KEY_NAME`,`DESCRIPTION`) values ('0f62755e-9784-4046-9804-8d4deed36f2a','nomination_start_date','Start date of Nomination in UNIX TIMESTAMP'),('64ae3e95-591a-4bf9-8a5b-10803e0eca82','objection_end_date','End date of Objection in UNIX TIMESTAMP'),('675ec08b-2937-4222-94a6-0143a94763f1','objection_start_date','Start date of Objection in UNIX TIMESTAMP'),('c06a789c-405c-4e7a-8df2-66766284589b','nomination_end_date','End date of Nomination in UNIX TIMESTAMP');

/*Table structure for table `ELECTION_TIMELINE_CONFIG_DATA` */

DROP TABLE IF EXISTS `ELECTION_TIMELINE_CONFIG_DATA`;

CREATE TABLE `ELECTION_TIMELINE_CONFIG_DATA` (
  `ID` varchar(36) COLLATE utf8mb4_unicode_ci NOT NULL,
  `ELECTION_TIMELINE_CONFIG_ID` varchar(36) CHARACTER SET utf8mb4 COLLATE utf8mb4_unicode_ci DEFAULT NULL,
  `ELECTION_ID` varchar(36) CHARACTER SET utf8mb4 COLLATE utf8mb4_unicode_ci DEFAULT NULL,
  `VALUE` bigint(20) DEFAULT NULL,
  PRIMARY KEY (`ID`),
  KEY `ELECTION_TIMELINE_CONFIG_ID` (`ELECTION_TIMELINE_CONFIG_ID`),
  KEY `ELECTION_ID` (`ELECTION_ID`),
  CONSTRAINT `ELECTION_TIMELINE_CONFIG_DATA_ibfk_1` FOREIGN KEY (`ELECTION_TIMELINE_CONFIG_ID`) REFERENCES `ELECTION_TIMELINE_CONFIG` (`id`) ON DELETE RESTRICT ON UPDATE CASCADE,
  CONSTRAINT `ELECTION_TIMELINE_CONFIG_DATA_ibfk_2` FOREIGN KEY (`ELECTION_ID`) REFERENCES `ELECTION` (`id`) ON DELETE RESTRICT ON UPDATE CASCADE
) ENGINE=InnoDB DEFAULT CHARSET=utf8mb4 COLLATE=utf8mb4_unicode_ci;

/*Data for the table `ELECTION_TIMELINE_CONFIG_DATA` */

/*Table structure for table `ELIGIBILITY_CONFIG` */

DROP TABLE IF EXISTS `ELIGIBILITY_CONFIG`;

CREATE TABLE `ELIGIBILITY_CONFIG` (
  `ID` varchar(36) COLLATE utf8mb4_unicode_ci NOT NULL,
  `DESCRIPTION` varchar(300) COLLATE utf8mb4_unicode_ci DEFAULT NULL,
  PRIMARY KEY (`ID`)
) ENGINE=InnoDB DEFAULT CHARSET=utf8mb4 COLLATE=utf8mb4_unicode_ci;

/*Data for the table `ELIGIBILITY_CONFIG` */

insert  into `ELIGIBILITY_CONFIG`(`ID`,`DESCRIPTION`) values ('1','Minimum age 35 years'),('2','Does not serve as a Judicial Officer'),('3','Does not serve as as the Commissioner-General'),('4','Does not serve as the Auditor-General'),('5','Does not serve as a Judicial Officer'),('6','Is not standing nominated as a candidate for election by more than one recognized political party or independent group in respect of any electoral district');

/*Table structure for table `ELIGIBILITY_CONFIG_DATA` */

DROP TABLE IF EXISTS `ELIGIBILITY_CONFIG_DATA`;

CREATE TABLE `ELIGIBILITY_CONFIG_DATA` (
  `ID` varchar(36) COLLATE utf8mb4_unicode_ci NOT NULL,
  `ELIGIBILITY_CONFIG_ID` varchar(36) CHARACTER SET utf8mb4 COLLATE utf8mb4_unicode_ci NOT NULL,
  `MODULE_ID` varchar(36) COLLATE utf8mb4_unicode_ci DEFAULT NULL,
  PRIMARY KEY (`ID`),
  KEY `MODULE_ID` (`MODULE_ID`),
  KEY `ELIGIBILITY_CONFIG_DATA_ibfk_2` (`ELIGIBILITY_CONFIG_ID`),
  CONSTRAINT `ELIGIBILITY_CONFIG_DATA_ibfk_1` FOREIGN KEY (`MODULE_ID`) REFERENCES `ELECTION_MODULE` (`id`) ON DELETE RESTRICT ON UPDATE CASCADE,
  CONSTRAINT `ELIGIBILITY_CONFIG_DATA_ibfk_2` FOREIGN KEY (`ELIGIBILITY_CONFIG_ID`) REFERENCES `ELIGIBILITY_CONFIG` (`id`) ON DELETE RESTRICT ON UPDATE CASCADE
) ENGINE=InnoDB DEFAULT CHARSET=utf8mb4 COLLATE=utf8mb4_unicode_ci;

/*Data for the table `ELIGIBILITY_CONFIG_DATA` */

insert  into `ELIGIBILITY_CONFIG_DATA`(`ID`,`ELIGIBILITY_CONFIG_ID`,`MODULE_ID`) values ('3a4d5e1a-305e-46e7-95a8-e9d7a33d9d8c','5','7180ca1c-20bf-46bd-91e1-32e301c80f35'),('52e5afa8-5c7c-4c51-8a0c-ee4c248bb682','2','0426ca24-caa1-4eee-b2a7-a4d8e57bbd5d'),('6cc16b16-3be5-45e6-ae53-93f62d40be66','1','b6c93150-f223-469d-bb49-6b54c3108541'),('6db0c1e1-beeb-479b-bbd0-dd51abd2cf38','4','7180ca1c-20bf-46bd-91e1-32e301c80f35'),('97da5c89-8995-48e4-b7f2-4a9e51d9d88c','2','b9ff7f40-afaf-4140-8dc7-127d15978877'),('b47a1d20-a99f-4a9d-a273-e50660ff3228','3','b9ff7f40-afaf-4140-8dc7-127d15978877'),('b93d8440-2391-4259-a91f-1d538ac21e8e','1','7180ca1c-20bf-46bd-91e1-32e301c80f35'),('ea561cd3-0b4f-4760-bea5-ccf52318ed93','1','b9ff7f40-afaf-4140-8dc7-127d15978877'),('f96aa9b9-b4a9-46e2-8fcf-e0817e7203f3','1','0426ca24-caa1-4eee-b2a7-a4d8e57bbd5d');

/*Table structure for table `NOMINATION` */

DROP TABLE IF EXISTS `NOMINATION`;

CREATE TABLE `NOMINATION` (
  `ID` varchar(36) COLLATE utf8mb4_unicode_ci NOT NULL,
  `STATUS` enum('DRAFT','SUBMIT','NEW') CHARACTER SET utf8mb4 COLLATE utf8mb4_unicode_ci DEFAULT NULL,
  `TEAM_ID` varchar(36) COLLATE utf8mb4_unicode_ci DEFAULT NULL,
  `CREATED_BY` varchar(50) COLLATE utf8mb4_unicode_ci DEFAULT NULL,
  `CREATED_AT` bigint(20) DEFAULT NULL,
  `UPDATED_AT` bigint(20) DEFAULT NULL,
  `ELECTION_ID` varchar(36) COLLATE utf8mb4_unicode_ci NOT NULL,
  `DIVISION_CONFIG_ID` varchar(36) COLLATE utf8mb4_unicode_ci DEFAULT NULL,
  PRIMARY KEY (`ID`),
  KEY `ELECTION_ID` (`ELECTION_ID`),
  KEY `DIVISION_CONFIG_ID` (`DIVISION_CONFIG_ID`),
  KEY `TEAM_ID` (`TEAM_ID`),
  CONSTRAINT `NOMINATION_ibfk_1` FOREIGN KEY (`ELECTION_ID`) REFERENCES `ELECTION` (`id`) ON DELETE RESTRICT ON UPDATE CASCADE,
  CONSTRAINT `NOMINATION_ibfk_2` FOREIGN KEY (`DIVISION_CONFIG_ID`) REFERENCES `DIVISION_CONFIG` (`id`) ON DELETE RESTRICT ON UPDATE CASCADE,
  CONSTRAINT `NOMINATION_ibfk_3` FOREIGN KEY (`TEAM_ID`) REFERENCES `TEAM_CONFIG` (`id`) ON DELETE RESTRICT ON UPDATE CASCADE
) ENGINE=InnoDB DEFAULT CHARSET=utf8mb4 COLLATE=utf8mb4_unicode_ci;

/*Data for the table `NOMINATION` */

insert  into `NOMINATION`(`ID`,`STATUS`,`TEAM_ID`,`CREATED_BY`,`CREATED_AT`,`UPDATED_AT`,`ELECTION_ID`,`DIVISION_CONFIG_ID`) values ('0044c0a8-372d-4d1d-b4ca-2975b376abc0','NEW','2222','123',123,123,'5d1794f3-53e4-494b-a48f-fef4e97d0a86','ae4c0dd8-6a20-4093-8953-c5ce6f9db37b'),('031bf90d-3b3f-4a59-bd20-2d5134d57884','NEW','4444','123',123,123,'5b2697ff-9848-4c03-9c49-11d4c6ad63fb','ae4c0dd8-6a20-4093-8953-c5ce6f9db37b'),('053abe31-4eb0-4e21-bdb8-e4c42bdefa7e','NEW','3333','123',123,123,'5d1794f3-53e4-494b-a48f-fef4e97d0a86','a669f043-feaf-444d-853a-88d687e12df5'),('054433e2-254c-4e2d-91c1-22fbf0ad251c','NEW','3333','123',123,123,'44730642-9def-4535-85c0-9ea0b42bf1cd','a669f043-feaf-444d-853a-88d687e12df5'),('05b2a034-02d1-4f9a-bc91-1ac646e22a58','NEW','2222','123',123,123,'d69fba61-9b69-499a-8d30-e24143f2a156','ae4c0dd8-6a20-4093-8953-c5ce6f9db37b'),('08d59e4c-97a6-4f44-a230-697308349bf0','NEW','2222','123',123,123,'44730642-9def-4535-85c0-9ea0b42bf1cd','a669f043-feaf-444d-853a-88d687e12df5'),('11839545-3a20-40d0-b288-1736428cf3c0','SUBMIT','1111','123',123,123,'5d1794f3-53e4-494b-a48f-fef4e97d0a86','ae4c0dd8-6a20-4093-8953-c5ce6f9db37b'),('13410ecd-3b28-4c0e-9b12-793c46613cde','NEW','4444','123',123,123,'79606446-c1fe-4151-9a68-8feee2f312e0','afdfd16f-b78a-4746-9fa8-0f1eb089efe1'),('15d76c67-87c7-47a8-b133-dd83207e4ef4','NEW','3333','123',123,123,'5b2697ff-9848-4c03-9c49-11d4c6ad63fb','a669f043-feaf-444d-853a-88d687e12df5'),('19321e6d-f704-44e0-89e3-23441a0852d4','NEW','4444','123',123,123,'d69fba61-9b69-499a-8d30-e24143f2a156','afdfd16f-b78a-4746-9fa8-0f1eb089efe1'),('1edb25ff-9da7-44f7-8089-1e1af7e23313','NEW','4444','123',123,123,'79606446-c1fe-4151-9a68-8feee2f312e0','a669f043-feaf-444d-853a-88d687e12df5'),('20eeb348-556b-4f70-a5be-5e4fc40392bd','NEW','1111','123',123,123,'f2448efc-f1a4-4417-81ff-5ca11f216b54','ae4c0dd8-6a20-4093-8953-c5ce6f9db37b'),('21692756-e430-4408-839b-af332e909ce3','NEW','1111','123',123,123,'5b2697ff-9848-4c03-9c49-11d4c6ad63fb','afdfd16f-b78a-4746-9fa8-0f1eb089efe1'),('2ba50f00-3789-4fd3-86bb-19cfd5af7b78','NEW','4444','123',123,123,'44730642-9def-4535-85c0-9ea0b42bf1cd','ae4c0dd8-6a20-4093-8953-c5ce6f9db37b'),('2cdf737d-dd51-4533-aa89-67b579801267','NEW','3333','123',123,123,'5d1794f3-53e4-494b-a48f-fef4e97d0a86','afdfd16f-b78a-4746-9fa8-0f1eb089efe1'),('2e01205e-509b-41ae-aad8-df8bc4b6c67e','NEW','1111','123',123,123,'f2448efc-f1a4-4417-81ff-5ca11f216b54','a669f043-feaf-444d-853a-88d687e12df5'),('2eb3e5d3-9664-4b78-8b61-2c03f72e46a8','NEW','3333','123',123,123,'f2448efc-f1a4-4417-81ff-5ca11f216b54','afdfd16f-b78a-4746-9fa8-0f1eb089efe1'),('30c5e664-38fb-4006-9079-ab79c04cb501','NEW','4444','123',123,123,'d69fba61-9b69-499a-8d30-e24143f2a156','ae4c0dd8-6a20-4093-8953-c5ce6f9db37b'),('31c1a638-6074-40ea-aec2-0b3227a0c731','NEW','2222','123',123,123,'612cc919-2787-4595-993c-e2ca886aed10','a3f81cb4-7fd9-4aa4-85d6-051fb2f0220d'),('361ddb1f-bf60-466f-94bc-160a73de2fbe','NEW','3333','123',123,123,'f2448efc-f1a4-4417-81ff-5ca11f216b54','ae4c0dd8-6a20-4093-8953-c5ce6f9db37b'),('3ea8c7d9-cf9f-4046-9be5-9977db6185f1','NEW','2222','123',123,123,'79606446-c1fe-4151-9a68-8feee2f312e0','afdfd16f-b78a-4746-9fa8-0f1eb089efe1'),('407edacc-ceae-4fc8-82d5-3fe6f1a4993b','NEW','4444','123',123,123,'5b2697ff-9848-4c03-9c49-11d4c6ad63fb','a669f043-feaf-444d-853a-88d687e12df5'),('416f75dc-cf72-44d9-8209-7af64892e9a1','NEW','4444','123',123,123,'44730642-9def-4535-85c0-9ea0b42bf1cd','a669f043-feaf-444d-853a-88d687e12df5'),('42594ccd-5fda-4544-aa79-642541ceb72c','NEW','4444','123',123,123,'612cc919-2787-4595-993c-e2ca886aed10','a3f81cb4-7fd9-4aa4-85d6-051fb2f0220d'),('4a74858a-d152-416b-bae4-9cdb6122f385','NEW','2222','123',123,123,'5b2697ff-9848-4c03-9c49-11d4c6ad63fb','a669f043-feaf-444d-853a-88d687e12df5'),('52178558-bca2-4034-8110-00dec2a45a05','NEW','4444','123',123,123,'5d1794f3-53e4-494b-a48f-fef4e97d0a86','a669f043-feaf-444d-853a-88d687e12df5'),('545f66e1-d359-4f1e-a679-4913068ce1f2','NEW','2222','123',123,123,'5d1794f3-53e4-494b-a48f-fef4e97d0a86','a669f043-feaf-444d-853a-88d687e12df5'),('56d99af4-b716-4e3e-885d-5b38326b833f','NEW','1111','123',123,123,'5b2697ff-9848-4c03-9c49-11d4c6ad63fb','a669f043-feaf-444d-853a-88d687e12df5'),('5983fe58-c930-426f-aa4d-8f565d0487b0','NEW','3333','123',123,123,'5b2697ff-9848-4c03-9c49-11d4c6ad63fb','afdfd16f-b78a-4746-9fa8-0f1eb089efe1'),('5b97822b-467d-448b-9bec-a29579c04c3e','NEW','3333','123',123,123,'d69fba61-9b69-499a-8d30-e24143f2a156','afdfd16f-b78a-4746-9fa8-0f1eb089efe1'),('5c481060-d067-4c48-a709-18c8d27efd4f','NEW','4444','123',123,123,'5d1794f3-53e4-494b-a48f-fef4e97d0a86','afdfd16f-b78a-4746-9fa8-0f1eb089efe1'),('5d37420d-b46b-47d4-b0c8-25815f5c6c22','NEW','3333','123',123,123,'79606446-c1fe-4151-9a68-8feee2f312e0','a669f043-feaf-444d-853a-88d687e12df5'),('64cea020-acd0-49c9-a0cc-9944e1b363ff','NEW','4444','123',123,123,'5d1794f3-53e4-494b-a48f-fef4e97d0a86','ae4c0dd8-6a20-4093-8953-c5ce6f9db37b'),('65b144a8-7bce-4ed0-9680-95e95237a87e','SUBMIT','1111','123',123,123,'44730642-9def-4535-85c0-9ea0b42bf1cd','ae4c0dd8-6a20-4093-8953-c5ce6f9db37b'),('663e3ccf-faab-4ef2-9f0e-19b3a6d738bf','NEW','2222','123',123,123,'24c9edee-f5a9-4570-a9ea-1b949851ea49','ae4c0dd8-6a20-4093-8953-c5ce6f9db37b'),('6844ba82-02c9-4046-b826-f8684169b710','NEW','2222','123',123,123,'79606446-c1fe-4151-9a68-8feee2f312e0','ae4c0dd8-6a20-4093-8953-c5ce6f9db37b'),('68de3a43-0110-4b3b-8fa8-67bbb3eaa29c','NEW','4444','123',123,123,'f2448efc-f1a4-4417-81ff-5ca11f216b54','a669f043-feaf-444d-853a-88d687e12df5'),('68f86d95-5601-4ee8-893f-cf5737e6feb6','NEW','2222','123',123,123,'5b2697ff-9848-4c03-9c49-11d4c6ad63fb','ae4c0dd8-6a20-4093-8953-c5ce6f9db37b'),('6c0c2e83-70da-4868-8ffe-51644cf0f2ba','NEW','2222','123',123,123,'79606446-c1fe-4151-9a68-8feee2f312e0','a669f043-feaf-444d-853a-88d687e12df5'),('719e53ed-860d-49a9-8228-25209e1ce867','NEW','4444','123',123,123,'5b2697ff-9848-4c03-9c49-11d4c6ad63fb','afdfd16f-b78a-4746-9fa8-0f1eb089efe1'),('77d3997d-daa9-4deb-a41a-c86acd5cfa93','DRAFT','1111','123',123,123,'d69fba61-9b69-499a-8d30-e24143f2a156','afdfd16f-b78a-4746-9fa8-0f1eb089efe1'),('7d599325-c22f-40e9-8671-a0dbb2ed0147','NEW','1111','123',123,123,'d69fba61-9b69-499a-8d30-e24143f2a156','ae4c0dd8-6a20-4093-8953-c5ce6f9db37b'),('8121868e-90ff-4f8a-b628-5f058b346336','NEW','3333','123',123,123,'44730642-9def-4535-85c0-9ea0b42bf1cd','afdfd16f-b78a-4746-9fa8-0f1eb089efe1'),('816f5048-a95e-40bc-8ecc-0a777e7c7195','NEW','1111','123',123,123,'612cc919-2787-4595-993c-e2ca886aed10','a3f81cb4-7fd9-4aa4-85d6-051fb2f0220d'),('825e072a-854c-43c8-8260-92ee7d630d49','NEW','1111','123',123,123,'f2448efc-f1a4-4417-81ff-5ca11f216b54','afdfd16f-b78a-4746-9fa8-0f1eb089efe1'),('84069d6a-b102-4de6-8942-554ddb5e6852','NEW','2222','123',123,123,'d69fba61-9b69-499a-8d30-e24143f2a156','afdfd16f-b78a-4746-9fa8-0f1eb089efe1'),('886bee44-fd4f-403b-8545-cdfcaee90e6d','NEW','4444','123',123,123,'f2448efc-f1a4-4417-81ff-5ca11f216b54','ae4c0dd8-6a20-4093-8953-c5ce6f9db37b'),('8a5f2bc7-f44c-44da-ad56-ea81dfcb0d30','NEW','3333','123',123,123,'d69fba61-9b69-499a-8d30-e24143f2a156','a669f043-feaf-444d-853a-88d687e12df5'),('8f88af49-62f7-448a-9c6c-78b6765b9ba9','NEW','1111','123',123,123,'44730642-9def-4535-85c0-9ea0b42bf1cd','a669f043-feaf-444d-853a-88d687e12df5'),('94efa412-8b2a-4a99-94a9-426d3fd3e54a','NEW','2222','123',123,123,'f2448efc-f1a4-4417-81ff-5ca11f216b54','ae4c0dd8-6a20-4093-8953-c5ce6f9db37b'),('9a8f14bf-7d3f-45a5-8f95-e66f0f5cf4f7','DRAFT','1111','123',123,123,'79606446-c1fe-4151-9a68-8feee2f312e0','a669f043-feaf-444d-853a-88d687e12df5'),('9d5b0d77-1e92-40ee-a5e9-64d247a79282','NEW','3333','123',123,123,'f2448efc-f1a4-4417-81ff-5ca11f216b54','a669f043-feaf-444d-853a-88d687e12df5'),('9ea14b77-afc7-4f04-96f1-c008a5981599','NEW','1111','123',123,123,'5d1794f3-53e4-494b-a48f-fef4e97d0a86','a669f043-feaf-444d-853a-88d687e12df5'),('a96b5323-e2bf-4146-92dd-ee7cb47f8442','NEW','2222','123',123,123,'24c9edee-f5a9-4570-a9ea-1b949851ea49','afdfd16f-b78a-4746-9fa8-0f1eb089efe1'),('ac004e58-d5b9-4b7b-a263-1a9b38a334ca','NEW','2222','123',123,123,'5b2697ff-9848-4c03-9c49-11d4c6ad63fb','afdfd16f-b78a-4746-9fa8-0f1eb089efe1'),('ae88124c-770d-46ab-8e07-fddcccd8042e','SUBMIT','1111','123',123,123,'5b2697ff-9848-4c03-9c49-11d4c6ad63fb','ae4c0dd8-6a20-4093-8953-c5ce6f9db37b'),('ae99aba9-48ce-4f41-bb27-810a743062fd','NEW','1111','123',123,123,'44730642-9def-4535-85c0-9ea0b42bf1cd','afdfd16f-b78a-4746-9fa8-0f1eb089efe1'),('b6b74431-c3c7-4d12-96fc-504ec17d4ec4','SUBMIT','1111','123',123,123,'79606446-c1fe-4151-9a68-8feee2f312e0','ae4c0dd8-6a20-4093-8953-c5ce6f9db37b'),('b7508adf-9ba3-4563-9fc9-4c8ef286b308','NEW','1111','123',123,123,'d69fba61-9b69-499a-8d30-e24143f2a156','a669f043-feaf-444d-853a-88d687e12df5'),('bcf0c267-784c-4186-8ee7-b2835045d754','NEW','4444','123',123,123,'24c9edee-f5a9-4570-a9ea-1b949851ea49','afdfd16f-b78a-4746-9fa8-0f1eb089efe1'),('c03df3e1-c357-4eb9-b542-6f2f0875348f','NEW','3333','123',123,123,'44730642-9def-4535-85c0-9ea0b42bf1cd','ae4c0dd8-6a20-4093-8953-c5ce6f9db37b'),('c7754c94-35de-4094-b7f1-f1141777227c','NEW','3333','123',123,123,'612cc919-2787-4595-993c-e2ca886aed10','a3f81cb4-7fd9-4aa4-85d6-051fb2f0220d'),('cb99616c-6be3-40af-856a-7f01aa7480ae','NEW','3333','123',123,123,'5d1794f3-53e4-494b-a48f-fef4e97d0a86','ae4c0dd8-6a20-4093-8953-c5ce6f9db37b'),('ce638c88-8cda-4551-b1e9-5089e28568fe','NEW','4444','123',123,123,'79606446-c1fe-4151-9a68-8feee2f312e0','ae4c0dd8-6a20-4093-8953-c5ce6f9db37b'),('cec3b759-9f73-41ec-8e95-2a13abaa4b33','NEW','2222','123',123,123,'f2448efc-f1a4-4417-81ff-5ca11f216b54','afdfd16f-b78a-4746-9fa8-0f1eb089efe1'),('d17dd506-97ca-4fca-911c-5939a7c0090e','NEW','2222','123',123,123,'5d1794f3-53e4-494b-a48f-fef4e97d0a86','afdfd16f-b78a-4746-9fa8-0f1eb089efe1'),('d50c4266-1593-4ce1-baef-aaa1673c2d3c','NEW','4444','123',123,123,'24c9edee-f5a9-4570-a9ea-1b949851ea49','ae4c0dd8-6a20-4093-8953-c5ce6f9db37b'),('d6448ac0-545e-453a-983d-ac4ac8fe9e33','NEW','3333','123',123,123,'24c9edee-f5a9-4570-a9ea-1b949851ea49','afdfd16f-b78a-4746-9fa8-0f1eb089efe1'),('d9024733-8002-42e9-9ebe-5d072c246683','NEW','2222','123',123,123,'44730642-9def-4535-85c0-9ea0b42bf1cd','afdfd16f-b78a-4746-9fa8-0f1eb089efe1'),('db87fffe-7bba-4316-a966-838d770c0963','NEW','1111','123',123,123,'79606446-c1fe-4151-9a68-8feee2f312e0','afdfd16f-b78a-4746-9fa8-0f1eb089efe1'),('de000754-15bc-4b26-9dde-ff5ec58a6634','NEW','2222','123',123,123,'44730642-9def-4535-85c0-9ea0b42bf1cd','ae4c0dd8-6a20-4093-8953-c5ce6f9db37b'),('de6654df-a2f5-4cd4-ba5a-3e1cf973ed72','NEW','4444','123',123,123,'d69fba61-9b69-499a-8d30-e24143f2a156','a669f043-feaf-444d-853a-88d687e12df5'),('e182da8b-8805-471c-a063-3501850f41e6','NEW','1111','123',123,123,'5d1794f3-53e4-494b-a48f-fef4e97d0a86','afdfd16f-b78a-4746-9fa8-0f1eb089efe1'),('e49fe18b-420c-49a0-8701-1aa2bf663dba','NEW','3333','123',123,123,'5b2697ff-9848-4c03-9c49-11d4c6ad63fb','ae4c0dd8-6a20-4093-8953-c5ce6f9db37b'),('e6031a35-85d3-4890-ba2b-2f406bb7e994','NEW','3333','123',123,123,'d69fba61-9b69-499a-8d30-e24143f2a156','ae4c0dd8-6a20-4093-8953-c5ce6f9db37b'),('e61e1e3c-63ae-4871-ac65-33f762b6b81d','NEW','3333','123',123,123,'79606446-c1fe-4151-9a68-8feee2f312e0','ae4c0dd8-6a20-4093-8953-c5ce6f9db37b'),('e890e0cf-606c-4dbe-a350-793bbf4b2cec','NEW','3333','123',123,123,'79606446-c1fe-4151-9a68-8feee2f312e0','afdfd16f-b78a-4746-9fa8-0f1eb089efe1'),('f1bc47b6-35cf-4f7b-bf60-93799a2b9173','NEW','4444','123',123,123,'44730642-9def-4535-85c0-9ea0b42bf1cd','afdfd16f-b78a-4746-9fa8-0f1eb089efe1'),('f6b25f0d-172c-4182-b3f6-05db938a119d','NEW','2222','123',123,123,'d69fba61-9b69-499a-8d30-e24143f2a156','a669f043-feaf-444d-853a-88d687e12df5'),('f92fe885-c781-42c5-8199-b1f5e2cd287a','NEW','4444','123',123,123,'f2448efc-f1a4-4417-81ff-5ca11f216b54','afdfd16f-b78a-4746-9fa8-0f1eb089efe1');

/*Table structure for table `NOMINATION_APPROVAL` */

DROP TABLE IF EXISTS `NOMINATION_APPROVAL`;

CREATE TABLE `NOMINATION_APPROVAL` (
  `ID` varchar(36) COLLATE utf8mb4_unicode_ci NOT NULL,
  `APPROVED_BY` varchar(50) COLLATE utf8mb4_unicode_ci DEFAULT NULL,
  `APPROVED_AT` bigint(20) DEFAULT NULL,
  `UPDATED_AT` bigint(20) DEFAULT NULL,
  `STATUS` enum('1ST-APPROVE','2ND-APPROVE','REJECT') COLLATE utf8mb4_unicode_ci DEFAULT NULL,
  `REVIEW_NOTE` text COLLATE utf8mb4_unicode_ci,
  `NOMINATION_ID` varchar(36) COLLATE utf8mb4_unicode_ci DEFAULT NULL,
  PRIMARY KEY (`ID`),
  KEY `NOMINATION_ID` (`NOMINATION_ID`),
  CONSTRAINT `NOMINATION_APPROVAL_ibfk_1` FOREIGN KEY (`NOMINATION_ID`) REFERENCES `NOMINATION` (`id`) ON DELETE RESTRICT ON UPDATE CASCADE
) ENGINE=InnoDB DEFAULT CHARSET=utf8mb4 COLLATE=utf8mb4_unicode_ci;

/*Data for the table `NOMINATION_APPROVAL` */

insert  into `NOMINATION_APPROVAL`(`ID`,`APPROVED_BY`,`APPROVED_AT`,`UPDATED_AT`,`STATUS`,`REVIEW_NOTE`,`NOMINATION_ID`) values ('2b2f9a5a-03f4-488d-ae15-686cdb36777c','admin',1560756724000,1560756724000,'1ST-APPROVE','done','65b144a8-7bce-4ed0-9680-95e95237a87e');

/*Table structure for table `NOMINATION_SUPPORT_DOC` */

DROP TABLE IF EXISTS `NOMINATION_SUPPORT_DOC`;

CREATE TABLE `NOMINATION_SUPPORT_DOC` (
  `ID` varchar(36) COLLATE utf8mb4_unicode_ci NOT NULL,
  `ORIGINAL_NAME` varchar(50) COLLATE utf8mb4_unicode_ci DEFAULT NULL,
  `FILE_PATH` varchar(200) COLLATE utf8mb4_unicode_ci DEFAULT NULL,
  `SUPPORT_DOC_CONFIG_ID` varchar(36) COLLATE utf8mb4_unicode_ci DEFAULT NULL,
  `NOMINATION_ID` varchar(36) COLLATE utf8mb4_unicode_ci DEFAULT NULL,
  `STATUS` enum('NEW','DELETE') COLLATE utf8mb4_unicode_ci DEFAULT 'NEW',
  PRIMARY KEY (`ID`),
  KEY `SUPPORT_DOC_CONFIG_ID` (`SUPPORT_DOC_CONFIG_ID`),
  KEY `NOMINATION_ID` (`NOMINATION_ID`),
  CONSTRAINT `NOMINATION_SUPPORT_DOC_ibfk_1` FOREIGN KEY (`SUPPORT_DOC_CONFIG_ID`) REFERENCES `SUPPORT_DOC_CONFIG` (`id`) ON DELETE RESTRICT ON UPDATE CASCADE,
  CONSTRAINT `NOMINATION_SUPPORT_DOC_ibfk_2` FOREIGN KEY (`NOMINATION_ID`) REFERENCES `NOMINATION` (`id`) ON DELETE RESTRICT ON UPDATE CASCADE
) ENGINE=InnoDB DEFAULT CHARSET=utf8mb4 COLLATE=utf8mb4_unicode_ci;

/*Data for the table `NOMINATION_SUPPORT_DOC` */

insert  into `NOMINATION_SUPPORT_DOC`(`ID`,`ORIGINAL_NAME`,`FILE_PATH`,`SUPPORT_DOC_CONFIG_ID`,`NOMINATION_ID`,`STATUS`) values ('10f9a695-08f7-4ae2-b50c-cca7817b168c','IMG-20181109-WA0002.jpg','00bb1b515f9a24ec3266ca1bdb7867e9','ff4c6768-bdbe-4a16-b680-5fecb6b1f747','b6b74431-c3c7-4d12-96fc-504ec17d4ec4','NEW'),('1469d76a-2342-41a2-85d0-9de8ad99e961','0_lWBID1VszAlY8Kpe.png','e78555b96dfbe0acd543f1eb26fe8fb5','31232','b6b74431-c3c7-4d12-96fc-504ec17d4ec4','NEW'),('613d5b60-50f1-4b12-bc93-a5989f74c7e8','nomination_schema_v2.5.png','f70e83d1d39a60e0eb585e6f09ec2f29','31232','11839545-3a20-40d0-b288-1736428cf3c0','NEW'),('7ec538a7-1b92-4cc4-84fc-811a3b10055c','nomination_schema_v2.5.png','7ed0c145869d2d8000a5c47861f0f367','31232','ae88124c-770d-46ab-8e07-fddcccd8042e','NEW'),('98022362-0d04-4407-8828-2ae4069a8af0','nomination_schema_v2.5.png','52e8f0912dffb6204162e127704a9e22','31232','65b144a8-7bce-4ed0-9680-95e95237a87e','NEW'),('9da3a435-ff14-40f8-b3a7-2ce170e1f71a','IMG-20181109-WA0002.jpg','00bb1b515f9a24ec3266ca1bdb7867e9','ff4c6768-bdbe-4a16-b680-5fecb6b1f747','b6b74431-c3c7-4d12-96fc-504ec17d4ec4','DELETE');

/*Table structure for table `OBJECTION` */

DROP TABLE IF EXISTS `OBJECTION`;

CREATE TABLE `OBJECTION` (
  `ID` varchar(36) COLLATE utf8mb4_unicode_ci NOT NULL,
  `DESCRIPTION` text COLLATE utf8mb4_unicode_ci,
  `CREATED_AT` bigint(20) DEFAULT NULL,
  `CREATED_BY` varchar(100) COLLATE utf8mb4_unicode_ci DEFAULT NULL,
  `CREATED_BY_TEAM_ID` varchar(36) COLLATE utf8mb4_unicode_ci DEFAULT NULL,
  `NOMINATION_ID` varchar(36) COLLATE utf8mb4_unicode_ci DEFAULT NULL,
  PRIMARY KEY (`ID`),
  KEY `NOMINATION_ID` (`NOMINATION_ID`),
  CONSTRAINT `OBJECTION_ibfk_1` FOREIGN KEY (`NOMINATION_ID`) REFERENCES `NOMINATION` (`id`) ON DELETE RESTRICT ON UPDATE CASCADE
) ENGINE=InnoDB DEFAULT CHARSET=utf8mb4 COLLATE=utf8mb4_unicode_ci;

/*Data for the table `OBJECTION` */

/*Table structure for table `OBJECTION_REVIEW` */

DROP TABLE IF EXISTS `OBJECTION_REVIEW`;

CREATE TABLE `OBJECTION_REVIEW` (
  `ID` varchar(36) COLLATE utf8mb4_unicode_ci NOT NULL,
  `CREATED_BY` varchar(100) COLLATE utf8mb4_unicode_ci DEFAULT NULL,
  `CREATED_AT` bigint(20) DEFAULT NULL,
  `NOTE` text COLLATE utf8mb4_unicode_ci,
  `OBJECTION_ID` varchar(36) COLLATE utf8mb4_unicode_ci DEFAULT NULL,
  `STATUS` enum('APPROVED','REJECTED') COLLATE utf8mb4_unicode_ci DEFAULT NULL,
  PRIMARY KEY (`ID`),
  KEY `OBJECTION_ID` (`OBJECTION_ID`),
  CONSTRAINT `OBJECTION_REVIEW_ibfk_1` FOREIGN KEY (`OBJECTION_ID`) REFERENCES `OBJECTION` (`id`) ON DELETE RESTRICT ON UPDATE CASCADE
) ENGINE=InnoDB DEFAULT CHARSET=utf8mb4 COLLATE=utf8mb4_unicode_ci;

/*Data for the table `OBJECTION_REVIEW` */

/*Table structure for table `OBJECTION_SUPPORT_DOC` */

DROP TABLE IF EXISTS `OBJECTION_SUPPORT_DOC`;

CREATE TABLE `OBJECTION_SUPPORT_DOC` (
  `ID` varchar(36) COLLATE utf8mb4_unicode_ci NOT NULL,
  `FILE_PATH` varchar(300) COLLATE utf8mb4_unicode_ci DEFAULT NULL,
  `SUPPORT_DOC_CONFIG_ID` varchar(36) COLLATE utf8mb4_unicode_ci DEFAULT NULL,
  `OBJECTION_ID` varchar(36) COLLATE utf8mb4_unicode_ci DEFAULT NULL,
  PRIMARY KEY (`ID`),
  KEY `SUPPORT_DOC_CONFIG_ID` (`SUPPORT_DOC_CONFIG_ID`),
  KEY `OBJECTION_ID` (`OBJECTION_ID`),
  CONSTRAINT `OBJECTION_SUPPORT_DOC_ibfk_1` FOREIGN KEY (`SUPPORT_DOC_CONFIG_ID`) REFERENCES `SUPPORT_DOC_CONFIG` (`id`) ON DELETE RESTRICT ON UPDATE CASCADE,
  CONSTRAINT `OBJECTION_SUPPORT_DOC_ibfk_2` FOREIGN KEY (`OBJECTION_ID`) REFERENCES `OBJECTION` (`id`) ON DELETE RESTRICT ON UPDATE CASCADE
) ENGINE=InnoDB DEFAULT CHARSET=utf8mb4 COLLATE=utf8mb4_unicode_ci;

/*Data for the table `OBJECTION_SUPPORT_DOC` */

/*Table structure for table `PAYMENT` */

DROP TABLE IF EXISTS `PAYMENT`;

CREATE TABLE `PAYMENT` (
  `ID` varchar(36) COLLATE utf8mb4_unicode_ci NOT NULL,
  `DEPOSITOR` varchar(100) COLLATE utf8mb4_unicode_ci DEFAULT NULL,
  `DEPOSIT_DATE` bigint(20) DEFAULT NULL,
  `AMOUNT` decimal(13,4) DEFAULT NULL,
  `FILE_PATH` varchar(300) COLLATE utf8mb4_unicode_ci DEFAULT NULL,
  `STATUS` enum('PENDING','APPROVE','REJECT') COLLATE utf8mb4_unicode_ci DEFAULT NULL,
  `CREATED_BY` varchar(50) COLLATE utf8mb4_unicode_ci DEFAULT NULL,
  `CREATED_AT` bigint(20) DEFAULT NULL,
  `UPDATED_AT` bigint(20) DEFAULT NULL,
  `NOMINATION_ID` varchar(36) COLLATE utf8mb4_unicode_ci DEFAULT NULL,
  `NOTE` text COLLATE utf8mb4_unicode_ci,
  PRIMARY KEY (`ID`),
  KEY `NOMINATION_ID` (`NOMINATION_ID`),
  CONSTRAINT `PAYMENT_ibfk_1` FOREIGN KEY (`NOMINATION_ID`) REFERENCES `NOMINATION` (`id`) ON DELETE RESTRICT ON UPDATE CASCADE
) ENGINE=InnoDB DEFAULT CHARSET=utf8mb4 COLLATE=utf8mb4_unicode_ci;

/*Data for the table `PAYMENT` */

insert  into `PAYMENT`(`ID`,`DEPOSITOR`,`DEPOSIT_DATE`,`AMOUNT`,`FILE_PATH`,`STATUS`,`CREATED_BY`,`CREATED_AT`,`UPDATED_AT`,`NOMINATION_ID`,`NOTE`) values ('02eaf8a4-a657-4374-a1a6-c14e5ea2d775','dddd',0,2000.0000,'upload','PENDING','dddd',1560151802000,1560152097000,'9a8f14bf-7d3f-45a5-8f95-e66f0f5cf4f7',NULL),('0deaff75-afae-4319-a7b8-8c16f88adaab','clem',1562025600000,2000.0000,'upload','PENDING','clem',1562215459000,1562216486000,'ae88124c-770d-46ab-8e07-fddcccd8042e',NULL),('48095eb9-583d-43ff-9e72-719d740ad1bc','dddd',0,2000.0000,'upload','PENDING','dddd',1560151701000,1560151701000,'9a8f14bf-7d3f-45a5-8f95-e66f0f5cf4f7',NULL),('6fca2357-2ff0-4e11-8e36-5274a3145702','errtd',1547683200000,2000.0000,'upload','PENDING','ed',1560152420000,1560746766000,'b6b74431-c3c7-4d12-96fc-504ec17d4ec4',NULL),('7cf3dae6-6c9f-4e02-8935-2449f79a4d47','kasun',1560297600000,2000.0000,'upload','APPROVE','kasun',1560753732000,1560852278000,'65b144a8-7bce-4ed0-9680-95e95237a87e','ss'),('7dc2268c-aa15-4ff8-a7e7-3335bbbdf590','dddd',0,2000.0000,'upload','PENDING','dddd',1560151854000,1560151854000,'9a8f14bf-7d3f-45a5-8f95-e66f0f5cf4f7',NULL),('85cffe60-2705-4ae9-b8c8-3ab27b6af694','',0,2000.0000,'upload','PENDING','',1558411859000,1558411859000,'11839545-3a20-40d0-b288-1736428cf3c0',NULL),('99555795-eefb-452f-9c6c-22b6d28b1a72','ed',0,2000.0000,'upload','PENDING','ed',1560152399000,1560152399000,'b6b74431-c3c7-4d12-96fc-504ec17d4ec4',NULL);

/*Table structure for table `SUPPORT_DOC_CONFIG` */

DROP TABLE IF EXISTS `SUPPORT_DOC_CONFIG`;

CREATE TABLE `SUPPORT_DOC_CONFIG` (
  `ID` varchar(36) COLLATE utf8mb4_unicode_ci NOT NULL,
  `KEY_NAME` varchar(50) COLLATE utf8mb4_unicode_ci NOT NULL,
  `DESCRIPTION` varchar(100) COLLATE utf8mb4_unicode_ci DEFAULT NULL,
  `DOC_CATEGORY` enum('NOMINATION','CANDIDATE','OBJECTION','PAYMENT') CHARACTER SET utf8mb4 COLLATE utf8mb4_unicode_ci DEFAULT NULL,
  `CATEGORY` enum('SECURITY DEPOSIT','IDENTITY','REPRESENTATION','FINANCIAL','OTHER') CHARACTER SET utf8mb4 COLLATE utf8mb4_unicode_ci DEFAULT NULL,
  PRIMARY KEY (`ID`)
) ENGINE=InnoDB DEFAULT CHARSET=utf8mb4 COLLATE=utf8mb4_unicode_ci;

/*Data for the table `SUPPORT_DOC_CONFIG` */

insert  into `SUPPORT_DOC_CONFIG`(`ID`,`KEY_NAME`,`DESCRIPTION`,`DOC_CATEGORY`,`CATEGORY`) values ('15990459-2ea4-413f-b1f7-29a138fd7a97','Affidavit','Affidavit','CANDIDATE','REPRESENTATION'),('31232','Scan of Security Deposit Payment Slip','nomination pay slip','PAYMENT','SECURITY DEPOSIT'),('32423','Declaration of Asset & Liabilities Form','ss','CANDIDATE','REPRESENTATION'),('3fac66f2-302c-4d27-b9ae-1d004037a9ba','Declaration of Female Representation','Declaration form that denotes the precentage of female representation for the nomination','NOMINATION','REPRESENTATION'),('59f4d9df-006b-4d7c-82dc-736041e97f37','Objection Support Document','Submit any type of document related to objection','OBJECTION','REPRESENTATION'),('b20dd58c-e5bb-469d-98c9-8711d6da1879','Completed & Signed Nomination Form','Completed & Signed Nomination Form','NOMINATION','OTHER'),('fe2c2d7e-66de-406a-b887-1143023f8e72','National Identity Card (NIC)','National Identity Card (NIC)','CANDIDATE','IDENTITY'),('ff4c6768-bdbe-4a16-b680-5fecb6b1f747','Birth Certificate','Birth Certificate','CANDIDATE','IDENTITY');

/*Table structure for table `SUPPORT_DOC_CONFIG_DATA` */

DROP TABLE IF EXISTS `SUPPORT_DOC_CONFIG_DATA`;

CREATE TABLE `SUPPORT_DOC_CONFIG_DATA` (
  `ID` varchar(36) COLLATE utf8mb4_unicode_ci NOT NULL,
  `SUPPORT_DOC_CONFIG_ID` varchar(36) COLLATE utf8mb4_unicode_ci NOT NULL,
  `MODULE_ID` varchar(36) COLLATE utf8mb4_unicode_ci NOT NULL,
  PRIMARY KEY (`ID`),
  KEY `MODULE_ID` (`MODULE_ID`),
  KEY `SUPPORT_DOC_CONFIG_ID` (`SUPPORT_DOC_CONFIG_ID`),
  CONSTRAINT `SUPPORT_DOC_CONFIG_DATA_ibfk_1` FOREIGN KEY (`MODULE_ID`) REFERENCES `ELECTION_MODULE` (`id`) ON DELETE RESTRICT ON UPDATE CASCADE,
  CONSTRAINT `SUPPORT_DOC_CONFIG_DATA_ibfk_2` FOREIGN KEY (`SUPPORT_DOC_CONFIG_ID`) REFERENCES `SUPPORT_DOC_CONFIG` (`id`) ON DELETE RESTRICT ON UPDATE CASCADE
) ENGINE=InnoDB DEFAULT CHARSET=utf8mb4 COLLATE=utf8mb4_unicode_ci;

/*Data for the table `SUPPORT_DOC_CONFIG_DATA` */

insert  into `SUPPORT_DOC_CONFIG_DATA`(`ID`,`SUPPORT_DOC_CONFIG_ID`,`MODULE_ID`) values ('1a6bddd3-4988-4b69-8652-894f32c8a942','3fac66f2-302c-4d27-b9ae-1d004037a9ba','b6c93150-f223-469d-bb49-6b54c3108541'),('1db7eac4-d241-4d22-90c7-325a84f18464','15990459-2ea4-413f-b1f7-29a138fd7a97','b9ff7f40-afaf-4140-8dc7-127d15978877'),('1f497f2e-6067-43d7-8129-525d80e7879d','fe2c2d7e-66de-406a-b887-1143023f8e72','b6c93150-f223-469d-bb49-6b54c3108541'),('29e4bcf1-121f-4466-b923-fec9094d294b','32423','b9ff7f40-afaf-4140-8dc7-127d15978877'),('647b14f3-967b-4216-a0f0-1115da1d80b7','32423','0426ca24-caa1-4eee-b2a7-a4d8e57bbd5d'),('66e83f5c-476e-41a5-ab90-52d6019a517b','fe2c2d7e-66de-406a-b887-1143023f8e72','b9ff7f40-afaf-4140-8dc7-127d15978877'),('863868ba-4810-4321-8edc-e608660703f8','32423','b6c93150-f223-469d-bb49-6b54c3108541'),('a3e91675-588a-46fa-ae1a-64a153739c77','fe2c2d7e-66de-406a-b887-1143023f8e72','7180ca1c-20bf-46bd-91e1-32e301c80f35'),('c5576e92-d390-40cd-9384-9168947e4b63','59f4d9df-006b-4d7c-82dc-736041e97f37','b6c93150-f223-469d-bb49-6b54c3108541'),('c7c4dd22-7796-4814-ad2d-fdf78c351ac8','15990459-2ea4-413f-b1f7-29a138fd7a97','7180ca1c-20bf-46bd-91e1-32e301c80f35'),('d5e773de-9a81-4a61-a9d7-5bb70c82cc24','ff4c6768-bdbe-4a16-b680-5fecb6b1f747','7180ca1c-20bf-46bd-91e1-32e301c80f35'),('f657df79-f0bb-4b4c-ae57-ae7a5ed758c2','15990459-2ea4-413f-b1f7-29a138fd7a97','0426ca24-caa1-4eee-b2a7-a4d8e57bbd5d');

/*Table structure for table `TEAM_CONFIG` */

DROP TABLE IF EXISTS `TEAM_CONFIG`;

CREATE TABLE `TEAM_CONFIG` (
  `ID` varchar(36) COLLATE utf8mb4_unicode_ci NOT NULL,
  `TEAM_NAME` varchar(200) COLLATE utf8mb4_unicode_ci DEFAULT NULL,
  PRIMARY KEY (`ID`)
) ENGINE=InnoDB DEFAULT CHARSET=utf8mb4 COLLATE=utf8mb4_unicode_ci;

/*Data for the table `TEAM_CONFIG` */

insert  into `TEAM_CONFIG`(`ID`,`TEAM_NAME`) values ('1111','United National Party ( UNP )'),('2222','United People\'s Freedom Alliance ( UPFA )'),('3333','Janatha Vimukthi Peramuna ( JVP )'),('4444','Jana Setha Peramuna ( JSP )'),('5555','Sri Lanka Muslim Congress ( SLMC )'),('6666','Sri Lanka People\'s Party ( SLPP )'),('7777','United Socialist Party ( USP )  '),('8888','United Lanka People\'s Party ( ULPP ) '),('9999','New Sinhala Heritage ( NSH )');

/*Table structure for table `USER` */

DROP TABLE IF EXISTS `USER`;

CREATE TABLE `USER` (
  `ID` varchar(36) COLLATE utf8mb4_unicode_ci NOT NULL,
  `NAME` varchar(45) COLLATE utf8mb4_unicode_ci DEFAULT NULL,
  `TEAM_ID` varchar(45) COLLATE utf8mb4_unicode_ci DEFAULT NULL,
  `EMAIL` varchar(100) COLLATE utf8mb4_unicode_ci DEFAULT NULL,
  PRIMARY KEY (`ID`)
) ENGINE=InnoDB DEFAULT CHARSET=utf8mb4 COLLATE=utf8mb4_unicode_ci;

/*Data for the table `USER` */

insert  into `USER`(`ID`,`NAME`,`TEAM_ID`,`EMAIL`) values ('123','CLEMENT','2222',NULL),('234','yujith','3333','sk'),('345','dinuka','3333',NULL);

/*!40101 SET SQL_MODE=@OLD_SQL_MODE */;
/*!40014 SET FOREIGN_KEY_CHECKS=@OLD_FOREIGN_KEY_CHECKS */;
/*!40014 SET UNIQUE_CHECKS=@OLD_UNIQUE_CHECKS */;
/*!40111 SET SQL_NOTES=@OLD_SQL_NOTES */;
